{"type":"FeatureCollection","demo":true,"note":"demo fixture — not real user data","features":[{"type":"Feature","properties":{"index":0,"distanceMetres":2314},"geometry":{"type":"LineString","coordinates":[[139.75274057142857,35.68513823809524],[139.75272099999998,35.68494057142858],[139.75275314285713,35.684644142857145],[139.75243146153846,35.684839076923076],[139.75218576923078,35.68484546153846],[139.7519400769231,35.68485184615385],[139.75169438461538,35.68485823076923],[139.7514486923077,35.68486461538462],[139.751203,35.684871],[139.7510801153846,35.68487465384616],[139.75089514285713,35.68488685714286],[139.750667,35.68487857142857],[139.750439,35.68486971428571],[139.75021099999998,35.68486085714286],[139.749983,35.684852],[139.74964057142856,35.684836142857144],[139.7494122857143,35.68482557142857],[139.749184,35.684815],[139.74895600000002,35.68480242857143],[139.74912290476192,35.6843970952381],[139.74913195238096,35.68415004761905],[139.749141,35.683903],[139.74915061904764,35.68365585714286],[139.74901138709677,35.683830645161294],[139.7489028064516,35.68389167741935],[139.7486856451613,35.68401374193549],[139.74857706451613,35.68407477419355],[139.74846848387097,35.684135806451614],[139.74814274193548,35.68431890322581],[139.74792558064516,35.684440967741935],[139.74771134374998,35.6845614375],[139.7476056875,35.684620875],[139.74770114285715,35.68472642857143],[139.74763946153845,35.68497753846154],[139.74788515384614,35.68496984615385],[139.7481308846154,35.684962346153846],[139.74837665384615,35.68495503846154],[139.7487453076923,35.68494407692308],[139.7491048095238,35.68489119047619],[139.74923684615385,35.68492946153847],[139.7494826153846,35.68492215384616],[139.7497283846154,35.684914846153845],[139.74997415384615,35.68490753846154],[139.7502199230769,35.68490023076923],[139.7504656923077,35.68489292307692],[139.750667,35.68487857142857],[139.750439,35.68486971428571],[139.75021099999998,35.68486085714286],[139.749983,35.684852],[139.74964057142856,35.684836142857144],[139.7494122857143,35.68482557142857],[139.749184,35.684815],[139.74895600000002,35.68480242857143],[139.7491048095238,35.68489119047619],[139.74909576190475,35.68513823809524],[139.7490867142857,35.68538528571429],[139.74907766666666,35.68563233333334],[139.74906861904762,35.685879380952386],[139.74875160000002,35.685930133333336],[139.7486715,35.68583766666667],[139.74851130000002,35.685652733333335],[139.7484312,35.68556026666667],[139.74827100000002,35.68537533333333],[139.7481909,35.68528286666667],[139.7481108,35.6851904],[139.74788515384614,35.68496984615385],[139.7481308846154,35.684962346153846],[139.74837665384615,35.68495503846154],[139.7487453076923,35.68494407692308],[139.7491048095238,35.68489119047619],[139.74923684615385,35.68492946153847],[139.7494826153846,35.68492215384616],[139.7497283846154,35.684914846153845],[139.74997415384615,35.68490753846154],[139.7502199230769,35.68490023076923],[139.7504656923077,35.68489292307692],[139.750667,35.68487857142857],[139.750439,35.68486971428571],[139.75021099999998,35.68486085714286],[139.749983,35.684852],[139.74964057142856,35.684836142857144],[139.7494122857143,35.68482557142857],[139.749184,35.684815],[139.74895600000002,35.68480242857143],[139.7491048095238,35.68489119047619],[139.7487453076923,35.68494407692308],[139.7491048095238,35.68489119047619],[139.74923684615385,35.68492946153847],[139.7494826153846,35.68492215384616],[139.7497283846154,35.684914846153845],[139.74997415384615,35.68490753846154],[139.7502199230769,35.68490023076923],[139.7504656923077,35.68489292307692],[139.750667,35.68487857142857],[139.75089514285713,35.68488685714286],[139.75123757142856,35.68489842857143],[139.75146585714285,35.684906142857145],[139.75169414285713,35.68491314285715],[139.75192242857142,35.68491942857143],[139.7521507142857,35.68492571428572],[139.752379,35.684932],[139.75272099999998,35.68494057142858],[139.75274057142857,35.68513823809524]]}},{"type":"Feature","properties":{"index":1,"distanceMetres":2863},"geometry":{"type":"LineString","coordinates":[[139.75274057142857,35.68513823809524],[139.75273428571427,35.68538528571429],[139.752728,35.68563233333334],[139.7527217142857,35.685879380952386],[139.7527154285714,35.686126428571434],[139.752706,35.686497],[139.75270066666667,35.686744142857144],[139.75269533333332,35.686991285714285],[139.75269,35.68723842857143],[139.75268466666665,35.687485571428574],[139.75292284615387,35.687618692307694],[139.75316853846155,35.68762707692308],[139.75341423076924,35.68763546153846],[139.75365992307692,35.68764384615385],[139.75390561538464,35.68765223076923],[139.75415130769233,35.687660615384615],[139.754397,35.687669],[139.75464276923077,35.68767853846154],[139.75488853846156,35.687688076923074],[139.75513430769232,35.687697615384614],[139.75538007692307,35.687707153846155],[139.75562584615386,35.68771669230769],[139.75599449999999,35.687731],[139.75623933333333,35.687732714285715],[139.75623666666667,35.687485571428574],[139.756234,35.68723842857143],[139.75623133333335,35.686991285714285],[139.75622866666666,35.686744142857144],[139.756226,35.686497],[139.75622585714285,35.686126428571434],[139.75622576190477,35.685879380952386],[139.75622566666667,35.68563233333334],[139.75622557142856,35.68538528571429],[139.75622547619048,35.68513823809524],[139.7561437142857,35.684966],[139.75591542857143,35.684968],[139.75568714285714,35.68497],[139.75545885714286,35.684971142857144],[139.75523057142857,35.68497142857143],[139.75488814285714,35.684971857142855],[139.75466,35.68497128571429],[139.754432,35.68496985714286],[139.754204,35.68496842857143],[139.753976,35.684967],[139.75363357142857,35.684960571428576],[139.75340528571428,35.684956285714286],[139.753177,35.684952],[139.752949,35.68494628571429],[139.75272099999998,35.68494057142858],[139.752379,35.684932],[139.7521507142857,35.68492571428572],[139.75192242857142,35.68491942857143],[139.75169414285713,35.68491314285715],[139.75146585714285,35.684906142857145],[139.75123757142856,35.68489842857143],[139.75089514285713,35.68488685714286],[139.750667,35.68487857142857],[139.750439,35.68486971428571],[139.75021099999998,35.68486085714286],[139.749983,35.684852],[139.74964057142856,35.684836142857144],[139.7494122857143,35.68482557142857],[139.749184,35.684815],[139.74895600000002,35.68480242857143],[139.748728,35.68478985714285],[139.748386,35.684771],[139.74815771428572,35.68475614285714],[139.74792942857144,35.68474128571429],[139.74770114285715,35.68472642857143],[139.7476056875,35.684620875],[139.74771134374998,35.6845614375],[139.74792558064516,35.684440967741935],[139.74814274193548,35.68431890322581],[139.74846848387097,35.684135806451614],[139.74857706451613,35.68407477419355],[139.7486856451613,35.68401374193549],[139.7489028064516,35.68389167741935],[139.74901138709677,35.683830645161294],[139.74915061904764,35.68365585714286],[139.74944570967742,35.68358651612903],[139.74966287096774,35.6834644516129],[139.74988003225806,35.68334238709677],[139.75020577419355,35.68315929032258],[139.7503143548387,35.68309825806451],[139.75042293548387,35.68303722580645],[139.7506400967742,35.68291516129032],[139.75071146153846,35.68277653846154],[139.75095723076925,35.68277676923077],[139.751183,35.68261],[139.75139964516129,35.682488709677415],[139.75161629032257,35.68236741935483],[139.75172461290322,35.68230677419354],[139.7519412580645,35.68218548387097],[139.75204958064515,35.682124838709676],[139.7521579032258,35.682064193548385],[139.75248287096773,35.68188225806451],[139.75259119354837,35.68182161290322],[139.75283714285715,35.68167871428572],[139.75284438095238,35.681431571428575],[139.7528519047619,35.68118447619048],[139.7528597142857,35.68093742857143],[139.75286752380953,35.680690380952385],[139.7528597142857,35.68093742857143],[139.7528519047619,35.68118447619048],[139.75284438095238,35.681431571428575],[139.75283714285715,35.68167871428572],[139.7528299047619,35.68192585714286],[139.75282266666667,35.682173],[139.75281542857144,35.68242014285715],[139.75280819047617,35.68266728571429],[139.75280095238094,35.68291442857143],[139.7527937142857,35.68316157142857],[139.75278647619047,35.68340871428572],[139.75277923809523,35.68365585714286],[139.752772,35.683903],[139.75276571428572,35.68415004761905],[139.7527594285714,35.6843970952381],[139.75275314285713,35.684644142857145],[139.75272099999998,35.68494057142858],[139.75274057142857,35.68513823809524]]}},{"type":"Feature","properties":{"index":2,"distanceMetres":3129},"geometry":{"type":"LineString","coordinates":[[139.75274057142857,35.68513823809524],[139.75273428571427,35.68538528571429],[139.752728,35.68563233333334],[139.7527217142857,35.685879380952386],[139.7527154285714,35.686126428571434],[139.752706,35.686497],[139.75270066666667,35.686744142857144],[139.75269533333332,35.686991285714285],[139.75269,35.68723842857143],[139.75268466666665,35.687485571428574],[139.75243146153846,35.68760192307692],[139.75218576923078,35.687593538461535],[139.7519400769231,35.68758515384615],[139.75169438461538,35.687576769230766],[139.7514486923077,35.68756838461538],[139.751203,35.68756],[139.75095723076925,35.687553538461536],[139.75071146153846,35.687547076923074],[139.7504656923077,35.68754061538461],[139.7502199230769,35.68753415384615],[139.7502735,35.687694],[139.7504337,35.68787986666667],[139.750674,35.688158666666666],[139.7509143,35.68843746666666],[139.7511546,35.68871626666667],[139.7513148,35.68890213333333],[139.7513949,35.68899506666666],[139.75155533333333,35.68918146666667],[139.75163566666666,35.68927493333333],[139.75179633333335,35.68946186666667],[139.75187666666667,35.68955533333333],[139.751957,35.6896488],[139.752198,35.6899292],[139.752439,35.6902096],[139.75259966666667,35.690396533333335],[139.752628,35.69045076190476],[139.752624,35.69069780952381],[139.75262,35.69094485714285],[139.75261600000002,35.6911919047619],[139.752612,35.69143895238095],[139.752608,35.691686],[139.75260533333335,35.69193314285714],[139.75260266666666,35.69218028571428],[139.7526,35.69242742857143],[139.75259733333334,35.69267457142857],[139.75259466666668,35.69292171428571],[139.752592,35.69316885714285],[139.75258933333333,35.693416],[139.7522968,35.6935082],[139.7520764,35.6935626],[139.751856,35.693617],[139.7517458,35.6936442],[139.7515254,35.6936986],[139.751305,35.693753],[139.7510716,35.693750800000004],[139.7508382,35.6937486],[139.7506048,35.6937464],[139.7503714,35.6937442],[139.750027,35.6937153],[139.749805,35.6936619],[139.749583,35.693608499999996],[139.749361,35.6935551],[139.749028,35.693475],[139.74887266666667,35.693416],[139.74887461904763,35.693292428571425],[139.74887657142858,35.69316885714285],[139.74888047619046,35.69292171428571],[139.74888438095238,35.69267457142857],[139.7488882857143,35.69242742857143],[139.7488921904762,35.69218028571428],[139.74889609523808,35.69193314285714],[139.7489,35.691686],[139.7487453076923,35.691719923076924],[139.74837665384615,35.69171946153846],[139.7481308846154,35.69171915384615],[139.74788515384614,35.69171842307692],[139.74763946153845,35.69171726923077],[139.74739376923077,35.691716115384615],[139.74714807692308,35.69171496153846],[139.74739376923077,35.691716115384615],[139.74763946153845,35.69171726923077],[139.74788515384614,35.69171842307692],[139.7481308846154,35.69171915384615],[139.74837665384615,35.69171946153846],[139.7487453076923,35.691719923076924],[139.7489,35.691686],[139.74923684615385,35.69172053846154],[139.7494826153846,35.69172084615385],[139.7497283846154,35.69172115384615],[139.74997415384615,35.691721461538464],[139.7502199230769,35.691721769230774],[139.7504656923077,35.69172207692308],[139.75071146153846,35.69172238461539],[139.75095723076925,35.69172269230769],[139.751203,35.691723],[139.7514486923077,35.69172246153846],[139.75169438461538,35.691721923076926],[139.7519400769231,35.691721384615384],[139.75218576923078,35.69172084615385],[139.752608,35.691686],[139.752612,35.69143895238095],[139.75261600000002,35.6911919047619],[139.75262,35.69094485714285],[139.752624,35.69069780952381],[139.752628,35.69045076190476],[139.752632,35.690203714285715],[139.752636,35.68995666666667],[139.75263999999999,35.68970961904762],[139.752644,35.68946257142857],[139.752648,35.68921552380952],[139.75265266666665,35.68896842857143],[139.752658,35.68872128571429],[139.75266333333332,35.688474142857146],[139.75266866666666,35.688227000000005],[139.75267399999998,35.68797985714286],[139.75267933333333,35.687732714285715],[139.75268466666665,35.687485571428574],[139.75269,35.68723842857143],[139.75269533333332,35.686991285714285],[139.75270066666667,35.686744142857144],[139.752706,35.686497],[139.7527154285714,35.686126428571434],[139.7527217142857,35.685879380952386],[139.752728,35.68563233333334],[139.75273428571427,35.68538528571429],[139.75274057142857,35.68513823809524]]}},{"type":"Feature","properties":{"index":3,"distanceMetres":3245},"geometry":{"type":"LineString","coordinates":[[139.75274057142857,35.68513823809524],[139.75272099999998,35.68494057142858],[139.752949,35.68494628571429],[139.753177,35.684952],[139.75340528571428,35.684956285714286],[139.75363357142857,35.684960571428576],[139.753976,35.684967],[139.754204,35.68496842857143],[139.754432,35.68496985714286],[139.75466,35.68497128571429],[139.75488814285714,35.684971857142855],[139.75523057142857,35.68497142857143],[139.75545885714286,35.684971142857144],[139.75568714285714,35.68497],[139.75591542857143,35.684968],[139.7561437142857,35.684966],[139.75622547619048,35.68513823809524],[139.75622557142856,35.68538528571429],[139.75622566666667,35.68563233333334],[139.75622576190477,35.685879380952386],[139.75622585714285,35.686126428571434],[139.756226,35.686497],[139.75622866666666,35.686744142857144],[139.75623133333335,35.686991285714285],[139.756234,35.68723842857143],[139.75623666666667,35.687485571428574],[139.75623933333333,35.687732714285715],[139.75599449999999,35.687731],[139.75562584615386,35.68771669230769],[139.75538007692307,35.687707153846155],[139.75513430769232,35.687697615384614],[139.75488853846156,35.687688076923074],[139.75464276923077,35.68767853846154],[139.754397,35.687669],[139.75415130769233,35.687660615384615],[139.75390561538464,35.68765223076923],[139.75365992307692,35.68764384615385],[139.75341423076924,35.68763546153846],[139.75316853846155,35.68762707692308],[139.75292284615387,35.687618692307694],[139.75268466666665,35.687485571428574],[139.75269,35.68723842857143],[139.75269533333332,35.686991285714285],[139.75270066666667,35.686744142857144],[139.752706,35.686497],[139.7527154285714,35.686126428571434],[139.7527217142857,35.685879380952386],[139.752728,35.68563233333334],[139.75273428571427,35.68538528571429],[139.75274057142857,35.68513823809524],[139.75272099999998,35.68494057142858],[139.752379,35.684932],[139.7521507142857,35.68492571428572],[139.75192242857142,35.68491942857143],[139.75169414285713,35.68491314285715],[139.75146585714285,35.684906142857145],[139.75123757142856,35.68489842857143],[139.75089514285713,35.68488685714286],[139.750667,35.68487857142857],[139.750439,35.68486971428571],[139.75021099999998,35.68486085714286],[139.749983,35.684852],[139.74964057142856,35.684836142857144],[139.7494122857143,35.68482557142857],[139.749184,35.684815],[139.74895600000002,35.68480242857143],[139.7491048095238,35.68489119047619],[139.74909576190475,35.68513823809524],[139.7490867142857,35.68538528571429],[139.74907766666666,35.68563233333334],[139.74906861904762,35.685879380952386],[139.74905957142857,35.686126428571434],[139.7491521,35.68639293333334],[139.7493924,35.686671733333334],[139.7496327,35.68695053333334],[139.74979290000002,35.6871364],[139.7499531,35.68732226666667],[139.74997415384615,35.68752769230769],[139.7502199230769,35.68753415384615],[139.7502735,35.687694],[139.7504337,35.68787986666667],[139.750674,35.688158666666666],[139.7509143,35.68843746666666],[139.7511546,35.68871626666667],[139.7513148,35.68890213333333],[139.7513949,35.68899506666666],[139.75155533333333,35.68918146666667],[139.75163566666666,35.68927493333333],[139.75179633333335,35.68946186666667],[139.75187666666667,35.68955533333333],[139.751957,35.6896488],[139.752198,35.6899292],[139.752439,35.6902096],[139.75259966666667,35.690396533333335],[139.752628,35.69045076190476],[139.75284066666666,35.690676933333336],[139.752921,35.6907704],[139.75308166666667,35.69095733333334],[139.753162,35.6910508],[139.75324233333333,35.69114426666667],[139.753403,35.6913312],[139.75348333333332,35.69142466666667],[139.753644,35.6916116],[139.75348333333332,35.69142466666667],[139.753403,35.6913312],[139.75324233333333,35.69114426666667],[139.753162,35.6910508],[139.75308166666667,35.69095733333334],[139.752921,35.6907704],[139.75284066666666,35.690676933333336],[139.752628,35.69045076190476],[139.752632,35.690203714285715],[139.752636,35.68995666666667],[139.75263999999999,35.68970961904762],[139.752644,35.68946257142857],[139.752648,35.68921552380952],[139.75265266666665,35.68896842857143],[139.752658,35.68872128571429],[139.75266333333332,35.688474142857146],[139.75266866666666,35.688227000000005],[139.75267399999998,35.68797985714286],[139.75267933333333,35.687732714285715],[139.75268466666665,35.687485571428574],[139.75269,35.68723842857143],[139.75269533333332,35.686991285714285],[139.75270066666667,35.686744142857144],[139.752706,35.686497],[139.7527154285714,35.686126428571434],[139.7527217142857,35.685879380952386],[139.752728,35.68563233333334],[139.75273428571427,35.68538528571429],[139.75274057142857,35.68513823809524]]}},{"type":"Feature","properties":{"index":4,"distanceMetres":3711},"geometry":{"type":"LineString","coordinates":[[139.75274057142857,35.68513823809524],[139.75272099999998,35.68494057142858],[139.752379,35.684932],[139.7521507142857,35.68492571428572],[139.75192242857142,35.68491942857143],[139.75169414285713,35.68491314285715],[139.75146585714285,35.684906142857145],[139.75123757142856,35.68489842857143],[139.75089514285713,35.68488685714286],[139.750667,35.68487857142857],[139.7504656923077,35.68489292307692],[139.7502199230769,35.68490023076923],[139.74997415384615,35.68490753846154],[139.7497283846154,35.684914846153845],[139.7494826153846,35.68492215384616],[139.74923684615385,35.68492946153847],[139.7491048095238,35.68489119047619],[139.74895600000002,35.68480242857143],[139.74912290476192,35.6843970952381],[139.74913195238096,35.68415004761905],[139.749141,35.683903],[139.74915061904764,35.68365585714286],[139.74916023809524,35.68340871428572],[139.74944570967742,35.68358651612903],[139.74966287096774,35.6834644516129],[139.74990499999998,35.68346675],[139.750138,35.683438],[139.75046799999998,35.68338366666667],[139.750578,35.68336555555556],[139.750688,35.68334744444444],[139.75090799999998,35.68331122222222],[139.751128,35.683275],[139.75148833333333,35.68323566666667],[139.75172855555556,35.683209444444444],[139.75196877777776,35.683183222222226],[139.752209,35.683157],[139.7524346,35.6831636],[139.7527937142857,35.68316157142857],[139.75280095238094,35.68291442857143],[139.75280819047617,35.68266728571429],[139.75243146153846,35.682772],[139.75218576923078,35.682773],[139.7519400769231,35.682774],[139.75169438461538,35.682775],[139.7514486923077,35.682776000000004],[139.751203,35.682777],[139.75095723076925,35.68277676923077],[139.75071146153846,35.68277653846154],[139.7504656923077,35.68277630769231],[139.7502199230769,35.682776076923076],[139.74997415384615,35.682775846153845],[139.7497283846154,35.682775615384614],[139.7494826153846,35.68277538461539],[139.7491890952381,35.68266728571429],[139.74917947619048,35.68291442857143],[139.74916985714287,35.68316157142857],[139.74916023809524,35.68340871428572],[139.74944570967742,35.68358651612903],[139.74915061904764,35.68365585714286],[139.74901138709677,35.683830645161294],[139.7489028064516,35.68389167741935],[139.7486856451613,35.68401374193549],[139.74857706451613,35.68407477419355],[139.74846848387097,35.684135806451614],[139.74814274193548,35.68431890322581],[139.74792558064516,35.684440967741935],[139.74771134374998,35.6845614375],[139.7476056875,35.684620875],[139.74747285714287,35.68471028571429],[139.74770114285715,35.68472642857143],[139.7476056875,35.684620875],[139.74747285714287,35.68471028571429],[139.74770114285715,35.68472642857143],[139.7476056875,35.684620875],[139.74747285714287,35.68471028571429],[139.74770114285715,35.68472642857143],[139.74763946153845,35.68497753846154],[139.74739376923077,35.684985230769236],[139.74714807692308,35.684992923076926],[139.74690238461537,35.68500061538462],[139.74713042857144,35.684684142857144],[139.74690214285715,35.68466671428571],[139.746674,35.68464771428572],[139.74644600000002,35.684627142857146],[139.746218,35.684606571428574],[139.74619685714285,35.68415004761905],[139.7462,35.683903],[139.74620057142857,35.68365585714286],[139.74620114285713,35.68340871428572],[139.74620171428572,35.68316157142857],[139.74620228571428,35.68291442857143],[139.74610643333332,35.68288176666667],[139.74591961538462,35.68276223076923],[139.7456739230769,35.68276084615385],[139.74542823076922,35.68275946153846],[139.74518253846153,35.68275807692307],[139.74493684615385,35.68275669230769],[139.74469115384613,35.682754730769226],[139.74444546153845,35.68275219230769],[139.74419976923076,35.68274965384615],[139.74395407692307,35.682747115384615],[139.7437083846154,35.68274457692308],[139.7434626923077,35.68274203846154],[139.74321700000002,35.6827395],[139.7429713076923,35.68273696153846],[139.74272561538461,35.68273442307692],[139.74247992307693,35.682731884615386],[139.74223423076924,35.68272934615385],[139.74198853846156,35.68272680769231],[139.74168757142857,35.68266728571429],[139.74169385714285,35.68291442857143],[139.74170014285713,35.68316157142857],[139.74170642857143,35.68340871428572],[139.7417127142857,35.68365585714286],[139.74165457142857,35.684032],[139.74188285714285,35.684068],[139.742225,35.68411942857143],[139.742339,35.68413614285714],[139.742453,35.684152857142855],[139.742681,35.68418628571428],[139.74290914285714,35.68421842857143],[139.74313742857143,35.68424928571429],[139.74347985714286,35.68429557142857],[139.74370814285714,35.68432528571429],[139.74393642857143,35.68435385714286],[139.74416471428572,35.684382428571425],[139.744393,35.684411],[139.744735,35.684450857142856],[139.744963,35.68447742857143],[139.745191,35.684504],[139.7454192857143,35.68452742857143],[139.74564757142858,35.68455085714286],[139.74587585714286,35.68457428571429],[139.746218,35.684606571428574],[139.74644600000002,35.684627142857146],[139.746674,35.68464771428572],[139.74690214285715,35.68466671428571],[139.74713042857144,35.684684142857144],[139.74747285714287,35.68471028571429],[139.74770114285715,35.68472642857143],[139.74792942857144,35.68474128571429],[139.74815771428572,35.68475614285714],[139.748386,35.684771],[139.748728,35.68478985714285],[139.74895600000002,35.68480242857143],[139.749184,35.684815],[139.7494122857143,35.68482557142857],[139.74964057142856,35.684836142857144],[139.749983,35.684852],[139.75021099999998,35.68486085714286],[139.750439,35.68486971428571],[139.750667,35.68487857142857],[139.75089514285713,35.68488685714286],[139.75123757142856,35.68489842857143],[139.75146585714285,35.684906142857145],[139.75169414285713,35.68491314285715],[139.75192242857142,35.68491942857143],[139.7521507142857,35.68492571428572],[139.752379,35.684932],[139.75272099999998,35.68494057142858],[139.75274057142857,35.68513823809524]]}},{"type":"Feature","properties":{"index":5,"distanceMetres":4440},"geometry":{"type":"LineString","coordinates":[[139.75274057142857,35.68513823809524],[139.75273428571427,35.68538528571429],[139.752728,35.68563233333334],[139.7527217142857,35.685879380952386],[139.7527154285714,35.686126428571434],[139.752706,35.686497],[139.75270066666667,35.686744142857144],[139.75269533333332,35.686991285714285],[139.75269,35.68723842857143],[139.75268466666665,35.687485571428574],[139.75267933333333,35.687732714285715],[139.75267399999998,35.68797985714286],[139.75266866666666,35.688227000000005],[139.75266333333332,35.688474142857146],[139.752658,35.68872128571429],[139.75265266666665,35.68896842857143],[139.752648,35.68921552380952],[139.752644,35.68946257142857],[139.75263999999999,35.68970961904762],[139.752636,35.68995666666667],[139.752632,35.690203714285715],[139.752628,35.69045076190476],[139.75284066666666,35.690676933333336],[139.752921,35.6907704],[139.75308166666667,35.69095733333334],[139.753162,35.6910508],[139.75324233333333,35.69114426666667],[139.753403,35.6913312],[139.75348333333332,35.69142466666667],[139.753644,35.6916116],[139.75365992307692,35.69171761538462],[139.75390561538464,35.69171707692308],[139.75415130769233,35.69171653846154],[139.754397,35.691716],[139.75464276923077,35.69171469230769],[139.75488853846156,35.69171338461538],[139.75513430769232,35.691712076923075],[139.75538007692307,35.69171076923077],[139.75562584615386,35.69170946153846],[139.75599449999999,35.6917075],[139.756307,35.691686],[139.75631414285715,35.69193314285714],[139.75632128571428,35.69218028571428],[139.75632842857144,35.69242742857143],[139.75633557142856,35.69267457142857],[139.75634271428572,35.69292171428571],[139.75634985714285,35.69316885714285],[139.756357,35.693416],[139.75636414285714,35.69366314285714],[139.7563712857143,35.69391028571428],[139.75637842857142,35.69415742857142],[139.75624026923077,35.69420123076923],[139.75599449999999,35.694198],[139.75562584615386,35.69419315384616],[139.75538007692307,35.69418992307693],[139.75513430769232,35.694186692307696],[139.75488853846156,35.694183461538465],[139.75464276923077,35.694180230769234],[139.754397,35.694177],[139.75415130769233,35.69417284615385],[139.75390561538464,35.69416869230769],[139.75365992307692,35.69416453846154],[139.75341423076924,35.69416038461539],[139.75316853846155,35.69415623076923],[139.75292284615387,35.694152076923075],[139.75267715384615,35.694147923076926],[139.75258133333332,35.69415742857142],[139.75218576923078,35.694139615384614],[139.7519400769231,35.69413546153846],[139.75169438461538,35.69413130769231],[139.7514486923077,35.69412715384615],[139.75132584615386,35.69412507692307],[139.751203,35.694123],[139.75095723076925,35.694118153846155],[139.75071146153846,35.694113307692305],[139.7504656923077,35.69410846153846],[139.7502199230769,35.69410361538461],[139.74997415384615,35.69409876923077],[139.7497283846154,35.69409392307692],[139.7494826153846,35.69408907692308],[139.74923684615385,35.69408423076923],[139.7489910769231,35.694079384615385],[139.74886485714288,35.69391028571428],[139.74837665384615,35.69406726923077],[139.7481308846154,35.69406242307692],[139.74788515384614,35.69405723076923],[139.74763946153845,35.694051692307696],[139.74739376923077,35.69404615384615],[139.74714807692308,35.694040615384615],[139.74690238461537,35.69403507692308],[139.74665669230768,35.694029538461535],[139.746411,35.694024],[139.7461653076923,35.69401846153846],[139.745947,35.69391028571428],[139.7456739230769,35.69400738461538],[139.74542823076922,35.694001846153846],[139.74518253846153,35.6939963076923],[139.74493684615385,35.693990769230766],[139.74469115384613,35.693985],[139.74444546153845,35.693979],[139.74419976923076,35.693973],[139.74395407692307,35.693967],[139.7437083846154,35.693961],[139.7434626923077,35.693955],[139.74321700000002,35.693949],[139.7429713076923,35.693943],[139.74272561538461,35.693937],[139.74247992307693,35.693931],[139.74223423076924,35.693925],[139.741976,35.69391028571428],[139.74197,35.69366314285714],[139.741964,35.693416],[139.74195799999998,35.69316885714285],[139.741952,35.69292171428571],[139.74194599999998,35.69267457142857],[139.74194,35.69242742857143],[139.741934,35.69218028571428],[139.741928,35.69193314285714],[139.741922,35.691686],[139.7419156190476,35.69143895238095],[139.74190923809522,35.6911919047619],[139.74190285714283,35.69094485714285],[139.74189647619048,35.69069780952381],[139.7418900952381,35.69045076190476],[139.7418837142857,35.690203714285715],[139.74187733333332,35.68995666666667],[139.74187095238094,35.68970961904762],[139.74186457142855,35.68946257142857],[139.74185819047617,35.68921552380952],[139.74185176190474,35.68896842857143],[139.74184528571428,35.68872128571429],[139.74183880952378,35.688474142857146],[139.74183233333332,35.688227000000005],[139.74182585714286,35.68797985714286],[139.74188375,35.68783500000001],[139.74220278125,35.687656125000004],[139.74223423076924,35.68740403846154],[139.74247992307693,35.68740565384615],[139.74272561538461,35.68740726923077],[139.74273449999998,35.687358],[139.7429471875,35.687238750000006],[139.743159875,35.6871195],[139.74347890625,35.686940625000005],[139.74369159375001,35.686821375],[139.74390428125,35.686702125000004],[139.74411696875,35.686582875000006],[139.7442233125,35.68652325],[139.744436,35.686404],[139.74454165625002,35.686344562500004],[139.7446473125,35.686285125000005],[139.74496428125002,35.6861068125],[139.74517559375,35.6859879375],[139.74538690625002,35.685869062500004],[139.745703875,35.685690750000006],[139.7459151875,35.685571875],[139.74618114285715,35.68538528571429],[139.7461842857143,35.68513823809524],[139.74618742857143,35.68489119047619],[139.746411,35.685016000000005],[139.74665669230768,35.68500830769231],[139.74690238461537,35.68500061538462],[139.74714807692308,35.684992923076926],[139.74739376923077,35.684985230769236],[139.74763946153845,35.68497753846154],[139.74788515384614,35.68496984615385],[139.7481308846154,35.684962346153846],[139.74837665384615,35.68495503846154],[139.7487453076923,35.68494407692308],[139.7491048095238,35.68489119047619],[139.74923684615385,35.68492946153847],[139.7494826153846,35.68492215384616],[139.7497283846154,35.684914846153845],[139.74997415384615,35.68490753846154],[139.7502199230769,35.68490023076923],[139.7504656923077,35.68489292307692],[139.750667,35.68487857142857],[139.75089514285713,35.68488685714286],[139.75123757142856,35.68489842857143],[139.75146585714285,35.684906142857145],[139.75169414285713,35.68491314285715],[139.75192242857142,35.68491942857143],[139.7521507142857,35.68492571428572],[139.752379,35.684932],[139.75272099999998,35.68494057142858],[139.75274057142857,35.68513823809524]]}},{"type":"Feature","properties":{"index":6,"distanceMetres":4892},"geometry":{"type":"LineString","coordinates":[[139.75274057142857,35.68513823809524],[139.75272099999998,35.68494057142858],[139.752949,35.68494628571429],[139.753177,35.684952],[139.75340528571428,35.684956285714286],[139.75363357142857,35.684960571428576],[139.753976,35.684967],[139.754204,35.68496842857143],[139.754432,35.68496985714286],[139.75466,35.68497128571429],[139.75488814285714,35.684971857142855],[139.75523057142857,35.68497142857143],[139.75545885714286,35.684971142857144],[139.75568714285714,35.68497],[139.75591542857143,35.684968],[139.7561437142857,35.684966],[139.7562252857143,35.684644142857145],[139.7559445,35.68443825],[139.755679,35.684208],[139.7555905,35.68413125],[139.7554135,35.68397775],[139.755325,35.683901],[139.75522333333333,35.68384966666667],[139.75491833333334,35.683695666666665],[139.75481666666667,35.68364433333333],[139.754715,35.683593],[139.75441,35.683439],[139.75417155555556,35.683383666666664],[139.7539331111111,35.683328333333336],[139.75369466666666,35.683273],[139.7534562222222,35.68321766666667],[139.75322419999998,35.6831867],[139.7528858,35.683176800000005],[139.7527937142857,35.68316157142857],[139.75278647619047,35.68340871428572],[139.75277923809523,35.68365585714286],[139.752772,35.683903],[139.75276571428572,35.68415004761905],[139.7527594285714,35.6843970952381],[139.75275314285713,35.684644142857145],[139.75292284615387,35.684826307692305],[139.75316853846155,35.68481992307692],[139.75341423076924,35.68481353846154],[139.75365992307692,35.68480715384615],[139.75390561538464,35.68480076923077],[139.75415130769233,35.68479438461538],[139.754397,35.684788],[139.75464276923077,35.684782999999996],[139.75488853846156,35.684777999999994],[139.75513430769232,35.684773],[139.75538007692307,35.684768],[139.75562584615386,35.684763],[139.75599449999999,35.684755499999994],[139.7562252857143,35.684644142857145],[139.7562251904762,35.6843970952381],[139.7562250952381,35.68415004761905],[139.756225,35.683903],[139.75622747619047,35.68365585714286],[139.75622995238095,35.68340871428572],[139.75623242857142,35.68316157142857],[139.7562349047619,35.68291442857143],[139.75623738095237,35.68266728571429],[139.75599449999999,35.68275],[139.75562584615386,35.68275323076923],[139.75538007692307,35.68275538461538],[139.75513430769232,35.68275753846154],[139.75488853846156,35.68275969230769],[139.75464276923077,35.682761846153845],[139.754397,35.682764],[139.75415130769233,35.682764999999996],[139.75390561538464,35.682766],[139.75365992307692,35.682767],[139.75341423076924,35.682768],[139.75316853846155,35.682769],[139.75292284615387,35.68277],[139.75280819047617,35.68266728571429],[139.75281542857144,35.68242014285715],[139.75282266666667,35.682173],[139.7528299047619,35.68192585714286],[139.75283714285715,35.68167871428572],[139.75284438095238,35.681431571428575],[139.7528519047619,35.68118447619048],[139.7528597142857,35.68093742857143],[139.75286752380953,35.680690380952385],[139.75287142857144,35.68056685714286],[139.75287533333332,35.680443333333336],[139.75288314285714,35.68019628571429],[139.75289095238094,35.67994923809524],[139.75289876190476,35.67970219047619],[139.75290657142855,35.679455142857144],[139.75291438095238,35.679208095238096],[139.75292219047617,35.67896104761905],[139.75316853846155,35.67902976923077],[139.75341423076924,35.679029615384614],[139.75365992307692,35.67902946153846],[139.75390561538464,35.67902930769231],[139.75415130769233,35.67902915384615],[139.754397,35.679029],[139.75464276923077,35.67902953846154],[139.75488853846156,35.67903007692308],[139.75513430769232,35.67903061538462],[139.75538007692307,35.679031153846154],[139.75562584615386,35.679031692307696],[139.75599449999999,35.679032500000005],[139.75629714285714,35.67896104761905],[139.75648603846153,35.67903357692308],[139.7567318076923,35.67903411538462],[139.75697757692308,35.67903465384616],[139.75722334615384,35.679035192307694],[139.7574691153846,35.679035730769236],[139.7571407419355,35.679285354838704],[139.75703241935483,35.6793455483871],[139.75692409677418,35.67940574193548],[139.7567074516129,35.679526129032254],[139.75659912903225,35.67958632258064],[139.75638248387096,35.67970670967742],[139.75628257142859,35.67970219047619],[139.7559491935484,35.67994748387096],[139.7557325483871,35.68006787096774],[139.75540758064517,35.6802484516129],[139.75519093548385,35.680368838709676],[139.75497429032256,35.68048922580645],[139.75475764516128,35.680609612903226],[139.75464932258063,35.68066980645161],[139.75443267741935,35.68079064516129],[139.7543243548387,35.68085129032258],[139.75421603225806,35.68091193548387],[139.75389106451613,35.681093870967736],[139.75367441935484,35.68121516129032],[139.75345777419355,35.6813364516129],[139.75313280645162,35.68151838709677],[139.75302448387097,35.681579032258064],[139.75291616129033,35.681639677419355],[139.75283714285715,35.68167871428572],[139.75259119354837,35.68182161290322],[139.75248287096773,35.68188225806451],[139.7521579032258,35.682064193548385],[139.75204958064515,35.682124838709676],[139.7519412580645,35.68218548387097],[139.75172461290322,35.68230677419354],[139.75161629032257,35.68236741935483],[139.75139964516129,35.682488709677415],[139.751183,35.68261],[139.75095723076925,35.68277676923077],[139.751203,35.682777],[139.7514486923077,35.682776000000004],[139.75169438461538,35.682775],[139.7519400769231,35.682774],[139.75218576923078,35.682773],[139.75243146153846,35.682772],[139.75280819047617,35.68266728571429],[139.75292284615387,35.68277],[139.75316853846155,35.682769],[139.75341423076924,35.682768],[139.75365992307692,35.682767],[139.75390561538464,35.682766],[139.75415130769233,35.682764999999996],[139.754397,35.682764],[139.75464276923077,35.682761846153845],[139.75488853846156,35.68275969230769],[139.75513430769232,35.68275753846154],[139.75538007692307,35.68275538461538],[139.75562584615386,35.68275323076923],[139.75599449999999,35.68275],[139.75623738095237,35.68266728571429],[139.75623985714284,35.68242014285715],[139.75624233333332,35.682173],[139.7562448095238,35.68192585714286],[139.75624728571427,35.68167871428572],[139.75624976190474,35.681431571428575],[139.75625342857143,35.68118447619048],[139.75625828571427,35.68093742857143],[139.75626314285714,35.680690380952385],[139.756268,35.680443333333336],[139.75627285714285,35.68019628571429],[139.75627771428572,35.67994923809524],[139.75628257142859,35.67970219047619],[139.7559491935484,35.67994748387096],[139.7557325483871,35.68006787096774],[139.75540758064517,35.6802484516129],[139.75519093548385,35.680368838709676],[139.75497429032256,35.68048922580645],[139.75475764516128,35.680609612903226],[139.75464932258063,35.68066980645161],[139.75443267741935,35.68079064516129],[139.7543243548387,35.68085129032258],[139.75421603225806,35.68091193548387],[139.75389106451613,35.681093870967736],[139.75367441935484,35.68121516129032],[139.75345777419355,35.6813364516129],[139.75313280645162,35.68151838709677],[139.75302448387097,35.681579032258064],[139.75291616129033,35.681639677419355],[139.75283714285715,35.68167871428572],[139.7528299047619,35.68192585714286],[139.75282266666667,35.682173],[139.75281542857144,35.68242014285715],[139.75280819047617,35.68266728571429],[139.75280095238094,35.68291442857143],[139.7527937142857,35.68316157142857],[139.75278647619047,35.68340871428572],[139.75277923809523,35.68365585714286],[139.752772,35.683903],[139.75276571428572,35.68415004761905],[139.7527594285714,35.6843970952381],[139.75275314285713,35.684644142857145],[139.75272099999998,35.68494057142858],[139.75274057142857,35.68513823809524]]}},{"type":"Feature","properties":{"index":7,"distanceMetres":5122},"geometry":{"type":"LineString","coordinates":[[139.75274057142857,35.68513823809524],[139.75272099999998,35.68494057142858],[139.752379,35.684932],[139.7521507142857,35.68492571428572],[139.75192242857142,35.68491942857143],[139.75169414285713,35.68491314285715],[139.75146585714285,35.684906142857145],[139.75123757142856,35.68489842857143],[139.75089514285713,35.68488685714286],[139.7510801153846,35.68487465384616],[139.751203,35.684871],[139.7514486923077,35.68486461538462],[139.75169438461538,35.68485823076923],[139.7519400769231,35.68485184615385],[139.75218576923078,35.68484546153846],[139.75243146153846,35.684839076923076],[139.75275314285713,35.684644142857145],[139.7527594285714,35.6843970952381],[139.75276571428572,35.68415004761905],[139.752772,35.683903],[139.75277923809523,35.68365585714286],[139.75278647619047,35.68340871428572],[139.7527937142857,35.68316157142857],[139.7524346,35.6831636],[139.752209,35.683157],[139.75196877777776,35.683183222222226],[139.75172855555556,35.683209444444444],[139.75148833333333,35.68323566666667],[139.751128,35.683275],[139.75090799999998,35.68331122222222],[139.750688,35.68334744444444],[139.750578,35.68336555555556],[139.75046799999998,35.68338366666667],[139.750138,35.683438],[139.74990499999998,35.68346675],[139.74966287096774,35.6834644516129],[139.74988003225806,35.68334238709677],[139.75020577419355,35.68315929032258],[139.7503143548387,35.68309825806451],[139.75042293548387,35.68303722580645],[139.7506400967742,35.68291516129032],[139.75071146153846,35.68277653846154],[139.75095723076925,35.68277676923077],[139.751183,35.68261],[139.75139964516129,35.682488709677415],[139.75161629032257,35.68236741935483],[139.75172461290322,35.68230677419354],[139.7519412580645,35.68218548387097],[139.75204958064515,35.682124838709676],[139.7521579032258,35.682064193548385],[139.75248287096773,35.68188225806451],[139.75259119354837,35.68182161290322],[139.75283714285715,35.68167871428572],[139.75284438095238,35.681431571428575],[139.7528519047619,35.68118447619048],[139.7528597142857,35.68093742857143],[139.75286752380953,35.680690380952385],[139.75287142857144,35.68056685714286],[139.75287533333332,35.680443333333336],[139.75288314285714,35.68019628571429],[139.75289095238094,35.67994923809524],[139.75289876190476,35.67970219047619],[139.75290657142855,35.679455142857144],[139.75291438095238,35.679208095238096],[139.75292219047617,35.67896104761905],[139.75267715384615,35.67903007692308],[139.75243146153846,35.67903023076923],[139.75218576923078,35.67903038461539],[139.7519400769231,35.67903053846154],[139.75169438461538,35.67903069230769],[139.7514486923077,35.67903084615385],[139.751203,35.679031],[139.75095723076925,35.67903184615385],[139.75071146153846,35.67903269230769],[139.7504656923077,35.67903353846154],[139.7502199230769,35.679034384615385],[139.74997415384615,35.67903523076923],[139.7497283846154,35.679036076923076],[139.7494826153846,35.67903692307693],[139.74933157142857,35.67896104761905],[139.74932214285712,35.679208095238096],[139.7493127142857,35.679455142857144],[139.7493032857143,35.67970219047619],[139.74929385714285,35.67994923809524],[139.74928442857143,35.68019628571429],[139.749275,35.680443333333336],[139.74926557142857,35.680690380952385],[139.74925614285715,35.68093742857143],[139.74924671428573,35.68118447619048],[139.7492371904762,35.681431571428575],[139.74922757142858,35.68167871428572],[139.74921795238097,35.68192585714286],[139.74920833333334,35.682173],[139.7491987142857,35.68242014285715],[139.7491890952381,35.68266728571429],[139.7494826153846,35.68277538461539],[139.7497283846154,35.682775615384614],[139.74997415384615,35.682775846153845],[139.7502199230769,35.682776076923076],[139.7504656923077,35.68277630769231],[139.75071146153846,35.68277653846154],[139.7506400967742,35.68291516129032],[139.75042293548387,35.68303722580645],[139.7503143548387,35.68309825806451],[139.75020577419355,35.68315929032258],[139.74988003225806,35.68334238709677],[139.74966287096774,35.6834644516129],[139.74944570967742,35.68358651612903],[139.74916023809524,35.68340871428572],[139.74916985714287,35.68316157142857],[139.74917947619048,35.68291442857143],[139.7491890952381,35.68266728571429],[139.7491987142857,35.68242014285715],[139.74920833333334,35.682173],[139.74921795238097,35.68192585714286],[139.74922757142858,35.68167871428572],[139.7492371904762,35.681431571428575],[139.74924671428573,35.68118447619048],[139.74925614285715,35.68093742857143],[139.74926557142857,35.680690380952385],[139.749275,35.680443333333336],[139.74928442857143,35.68019628571429],[139.74929385714285,35.67994923809524],[139.7493032857143,35.67970219047619],[139.7493127142857,35.679455142857144],[139.74932214285712,35.679208095238096],[139.74933157142857,35.67896104761905],[139.7494826153846,35.67903692307693],[139.7497283846154,35.679036076923076],[139.74997415384615,35.67903523076923],[139.7502199230769,35.679034384615385],[139.7504656923077,35.67903353846154],[139.75071146153846,35.67903269230769],[139.75095723076925,35.67903184615385],[139.751203,35.679031],[139.7514486923077,35.67903084615385],[139.75169438461538,35.67903069230769],[139.7519400769231,35.67903053846154],[139.75218576923078,35.67903038461539],[139.75243146153846,35.67903023076923],[139.75267715384615,35.67903007692308],[139.75292219047617,35.67896104761905],[139.75316853846155,35.67902976923077],[139.75341423076924,35.679029615384614],[139.75365992307692,35.67902946153846],[139.75390561538464,35.67902930769231],[139.75415130769233,35.67902915384615],[139.754397,35.679029],[139.75464276923077,35.67902953846154],[139.75488853846156,35.67903007692308],[139.75513430769232,35.67903061538462],[139.75538007692307,35.679031153846154],[139.75562584615386,35.679031692307696],[139.75599449999999,35.679032500000005],[139.75629714285714,35.67896104761905],[139.7562922857143,35.679208095238096],[139.75628742857143,35.679455142857144],[139.75628257142859,35.67970219047619],[139.7559491935484,35.67994748387096],[139.7557325483871,35.68006787096774],[139.75540758064517,35.6802484516129],[139.75519093548385,35.680368838709676],[139.75497429032256,35.68048922580645],[139.75475764516128,35.680609612903226],[139.75464932258063,35.68066980645161],[139.75443267741935,35.68079064516129],[139.7543243548387,35.68085129032258],[139.75421603225806,35.68091193548387],[139.75389106451613,35.681093870967736],[139.75367441935484,35.68121516129032],[139.75345777419355,35.6813364516129],[139.75313280645162,35.68151838709677],[139.75302448387097,35.681579032258064],[139.75291616129033,35.681639677419355],[139.75283714285715,35.68167871428572],[139.75259119354837,35.68182161290322],[139.75248287096773,35.68188225806451],[139.7521579032258,35.682064193548385],[139.75204958064515,35.682124838709676],[139.7519412580645,35.68218548387097],[139.75172461290322,35.68230677419354],[139.75161629032257,35.68236741935483],[139.75139964516129,35.682488709677415],[139.751183,35.68261],[139.75095723076925,35.68277676923077],[139.751203,35.682777],[139.7514486923077,35.682776000000004],[139.75169438461538,35.682775],[139.7519400769231,35.682774],[139.75218576923078,35.682773],[139.75243146153846,35.682772],[139.75280819047617,35.68266728571429],[139.75280095238094,35.68291442857143],[139.7527937142857,35.68316157142857],[139.7524346,35.6831636],[139.752209,35.683157],[139.75196877777776,35.683183222222226],[139.75172855555556,35.683209444444444],[139.75148833333333,35.68323566666667],[139.751128,35.683275],[139.75090799999998,35.68331122222222],[139.751128,35.683275],[139.75148833333333,35.68323566666667],[139.75172855555556,35.683209444444444],[139.75196877777776,35.683183222222226],[139.752209,35.683157],[139.7524346,35.6831636],[139.7527937142857,35.68316157142857],[139.75278647619047,35.68340871428572],[139.75277923809523,35.68365585714286],[139.752772,35.683903],[139.75276571428572,35.68415004761905],[139.7527594285714,35.6843970952381],[139.75275314285713,35.684644142857145],[139.75272099999998,35.68494057142858],[139.75274057142857,35.68513823809524]]}},{"type":"Feature","properties":{"index":8,"distanceMetres":5674},"geometry":{"type":"LineString","coordinates":[[139.75274057142857,35.68513823809524],[139.75273428571427,35.68538528571429],[139.752728,35.68563233333334],[139.7527217142857,35.685879380952386],[139.7527154285714,35.686126428571434],[139.752706,35.686497],[139.75270066666667,35.686744142857144],[139.75269533333332,35.686991285714285],[139.75269,35.68723842857143],[139.75268466666665,35.687485571428574],[139.75292284615387,35.687618692307694],[139.75316853846155,35.68762707692308],[139.75341423076924,35.68763546153846],[139.75365992307692,35.68764384615385],[139.75390561538464,35.68765223076923],[139.75415130769233,35.687660615384615],[139.754397,35.687669],[139.75464276923077,35.68767853846154],[139.75488853846156,35.687688076923074],[139.75513430769232,35.687697615384614],[139.75538007692307,35.687707153846155],[139.75562584615386,35.68771669230769],[139.75599449999999,35.687731],[139.75623933333333,35.687732714285715],[139.75624200000001,35.68797985714286],[139.75624466666667,35.688227000000005],[139.75624733333333,35.688474142857146],[139.75625000000002,35.68872128571429],[139.75625266666668,35.68896842857143],[139.75625652380953,35.68921552380952],[139.75626157142858,35.68946257142857],[139.75626661904764,35.68970961904762],[139.75627166666666,35.68995666666667],[139.75627671428572,35.690203714285715],[139.75628176190477,35.69045076190476],[139.7562868095238,35.69069780952381],[139.75629185714286,35.69094485714285],[139.7562969047619,35.6911919047619],[139.75630195238094,35.69143895238095],[139.756307,35.691686],[139.75648603846153,35.69170488461538],[139.7567318076923,35.691703576923075],[139.75697757692308,35.69170226923077],[139.75722334615384,35.69170096153846],[139.7574691153846,35.69169965384615],[139.75771484615385,35.69169792307692],[139.75796053846153,35.69169576923077],[139.75820623076922,35.691693615384615],[139.7584519230769,35.69169146153846],[139.75869761538462,35.69168930769231],[139.7589433076923,35.69168715384615],[139.759189,35.691685],[139.75943469230768,35.691682846153846],[139.75968038461536,35.69168069230769],[139.75992607692308,35.69167853846154],[139.760312,35.691686],[139.76041746153845,35.69167423076923],[139.76066315384614,35.691672076923076],[139.76090884615385,35.69166961538461],[139.76115453846154,35.69166684615384],[139.76140023076923,35.691664076923075],[139.7616459230769,35.69166130769231],[139.76189161538463,35.69165853846154],[139.7621373076923,35.69165576923077],[139.762383,35.691653],[139.7626286923077,35.69165023076923],[139.76299723076923,35.69164607692308],[139.763227,35.691686],[139.76348861538463,35.691640538461535],[139.76373430769232,35.691637769230766],[139.76398,35.691635],[139.76422576923076,35.691631538461536],[139.76447153846155,35.691628076923074],[139.7647173076923,35.69162461538461],[139.7649630769231,35.69162115384615],[139.76520884615385,35.69161769230769],[139.7654546153846,35.691614230769225],[139.7657003846154,35.69161076923077],[139.76594615384616,35.69160730769231],[139.76619192307692,35.691603846153846],[139.7664376923077,35.691600384615384],[139.76668346153846,35.69159692307692],[139.76692923076925,35.69159346153846],[139.76726552380953,35.69143895238095],[139.767268,35.691686],[139.76727285714287,35.69193314285714],[139.7672777142857,35.69218028571428],[139.76728257142858,35.69242742857143],[139.76728742857142,35.69267457142857],[139.7672922857143,35.69292171428571],[139.76729714285713,35.69316885714285],[139.767302,35.693416],[139.76730685714284,35.69366314285714],[139.7673117142857,35.69391028571428],[139.76731657142855,35.69415742857142],[139.76692923076925,35.69426684615385],[139.76668346153846,35.69426669230769],[139.7664376923077,35.69426653846154],[139.76619192307692,35.69426638461539],[139.76594615384616,35.69426623076923],[139.7657003846154,35.69426607692308],[139.7654546153846,35.69426592307693],[139.76520884615385,35.694265769230775],[139.7649630769231,35.694265615384616],[139.7647173076923,35.694265461538464],[139.76447153846155,35.69426530769231],[139.76422576923076,35.69426515384615],[139.76398,35.694265],[139.76373430769232,35.69426369230769],[139.76348861538463,35.694262384615385],[139.7631650952381,35.69415742857142],[139.76299723076923,35.69425976923077],[139.7626286923077,35.69425780769231],[139.762383,35.6942565],[139.7621373076923,35.69425519230769],[139.76189161538463,35.694253884615385],[139.7616459230769,35.69425257692308],[139.76140023076923,35.69425126923077],[139.76115453846154,35.69424996153846],[139.76090884615385,35.69424865384615],[139.76066315384614,35.69424688461539],[139.76041746153845,35.694244653846155],[139.7601481904762,35.69415742857142],[139.7601318095238,35.69440457142857],[139.76012361904762,35.69452814285714],[139.76011542857142,35.69465171428571],[139.76009904761904,35.69489885714285],[139.76008266666668,35.695146],[139.7600662857143,35.69539314285714],[139.7600499047619,35.69564028571428],[139.7600335238095,35.69588742857143],[139.76001714285712,35.69613457142857],[139.76000076190476,35.696381714285714],[139.75998438095237,35.69662885714286],[139.759968,35.696876],[139.76017176923077,35.69707253846153],[139.76041746153845,35.69707592307692],[139.76066315384614,35.697079307692306],[139.76090884615385,35.697083038461535],[139.76115453846154,35.69708711538461],[139.76140023076923,35.69709119230769],[139.7616459230769,35.697095269230765],[139.76189161538463,35.69709934615384],[139.7621373076923,35.69710342307692],[139.762383,35.6971075],[139.7626286923077,35.69711157692308],[139.763111,35.696876],[139.76311585714288,35.69662885714286],[139.76312071428572,35.696381714285714],[139.76312314285715,35.69625814285715],[139.7631255714286,35.69613457142857],[139.76313042857143,35.69588742857143],[139.7631352857143,35.69564028571428],[139.76314014285714,35.69539314285714],[139.763145,35.695146],[139.76314985714285,35.69489885714285],[139.76315471428572,35.69465171428571],[139.76315957142856,35.69440457142857],[139.7631650952381,35.69415742857142],[139.76299723076923,35.69425976923077],[139.7626286923077,35.69425780769231],[139.762383,35.6942565],[139.7621373076923,35.69425519230769],[139.76189161538463,35.694253884615385],[139.7616459230769,35.69425257692308],[139.76140023076923,35.69425126923077],[139.76115453846154,35.69424996153846],[139.76090884615385,35.69424865384615],[139.76066315384614,35.69424688461539],[139.76041746153845,35.694244653846155],[139.7601481904762,35.69415742857142],[139.75992607692308,35.694240192307696],[139.75968038461536,35.69423796153846],[139.75943469230768,35.69423573076923],[139.759189,35.694233499999996],[139.7589433076923,35.69423126923077],[139.75869761538462,35.694229038461536],[139.7584519230769,35.6942268076923],[139.75820623076922,35.69422457692308],[139.75796053846153,35.69422234615384],[139.75771484615385,35.69422011538461],[139.7574691153846,35.694217384615385],[139.75722334615384,35.694214153846154],[139.75697757692308,35.69421092307692],[139.7567318076923,35.69420769230769],[139.75637842857142,35.69415742857142],[139.75624026923077,35.69420123076923],[139.75599449999999,35.694198],[139.75562584615386,35.69419315384616],[139.75566333333333,35.693960733333334],[139.75542083333335,35.693678633333334],[139.75517833333333,35.693396533333335],[139.75501666666668,35.69320846666667],[139.75493583333335,35.693114433333335],[139.75477416666666,35.69292636666667],[139.75469333333334,35.692832333333335],[139.75453166666668,35.69264426666667],[139.75445083333332,35.692550233333336],[139.75437,35.6924562],[139.7541275,35.6921741],[139.753885,35.691892],[139.75365992307692,35.69171761538462],[139.753644,35.6916116],[139.75348333333332,35.69142466666667],[139.753403,35.6913312],[139.75324233333333,35.69114426666667],[139.753162,35.6910508],[139.75308166666667,35.69095733333334],[139.752921,35.6907704],[139.75284066666666,35.690676933333336],[139.752628,35.69045076190476],[139.752632,35.690203714285715],[139.752636,35.68995666666667],[139.75263999999999,35.68970961904762],[139.752644,35.68946257142857],[139.752648,35.68921552380952],[139.75265266666665,35.68896842857143],[139.752658,35.68872128571429],[139.75266333333332,35.688474142857146],[139.75266866666666,35.688227000000005],[139.75267399999998,35.68797985714286],[139.75267933333333,35.687732714285715],[139.75268466666665,35.687485571428574],[139.75269,35.68723842857143],[139.75269533333332,35.686991285714285],[139.75270066666667,35.686744142857144],[139.752706,35.686497],[139.7527154285714,35.686126428571434],[139.7527217142857,35.685879380952386],[139.752728,35.68563233333334],[139.75273428571427,35.68538528571429],[139.75274057142857,35.68513823809524]]}},{"type":"Feature","properties":{"index":9,"distanceMetres":6204},"geometry":{"type":"LineString","coordinates":[[139.75274057142857,35.68513823809524],[139.75272099999998,35.68494057142858],[139.752949,35.68494628571429],[139.753177,35.684952],[139.75340528571428,35.684956285714286],[139.75363357142857,35.684960571428576],[139.753976,35.684967],[139.754204,35.68496842857143],[139.754432,35.68496985714286],[139.75466,35.68497128571429],[139.75488814285714,35.684971857142855],[139.75523057142857,35.68497142857143],[139.75545885714286,35.684971142857144],[139.75568714285714,35.68497],[139.75591542857143,35.684968],[139.7561437142857,35.684966],[139.7562252857143,35.684644142857145],[139.75648603846153,35.6847455],[139.7567318076923,35.6847405],[139.75697757692308,35.684735499999995],[139.75722334615384,35.6847305],[139.7574691153846,35.6847255],[139.75771484615385,35.684721384615386],[139.75796053846153,35.68471815384615],[139.75820623076922,35.684714923076925],[139.7584519230769,35.68471169230769],[139.75869761538462,35.68470846153846],[139.7589433076923,35.684705230769225],[139.759189,35.684702],[139.75943469230768,35.684698769230764],[139.75968038461536,35.68469553846154],[139.75992607692308,35.6846923076923],[139.76017176923077,35.68468907692308],[139.76041746153845,35.68468584615384],[139.76066985714286,35.684644142857145],[139.7606789047619,35.6843970952381],[139.76068795238095,35.68415004761905],[139.760697,35.683903],[139.76070176190476,35.68365585714286],[139.76070652380952,35.68340871428572],[139.76071128571428,35.68316157142857],[139.76071604761904,35.68291442857143],[139.7607208095238,35.68266728571429],[139.76072557142857,35.68242014285715],[139.76073033333333,35.682173],[139.7607350952381,35.68192585714286],[139.76073985714285,35.68167871428572],[139.7607446190476,35.681431571428575],[139.76074704761905,35.68118447619048],[139.76074714285716,35.68093742857143],[139.76074723809523,35.680690380952385],[139.76074733333334,35.680443333333336],[139.76074742857145,35.68019628571429],[139.76074752380953,35.67994923809524],[139.76074761904763,35.67970219047619],[139.7607477142857,35.679455142857144],[139.76074780952382,35.679208095238096],[139.7607479047619,35.67896104761905],[139.760748,35.678714],[139.76074352380954,35.67846685714286],[139.76073904761907,35.67821971428572],[139.76073457142857,35.67797257142857],[139.7607300952381,35.67772542857143],[139.76072561904763,35.67747828571429],[139.76072114285716,35.677231142857146],[139.76061270967742,35.67737287096774],[139.76039561290324,35.67749216129032],[139.76017851612903,35.6776114516129],[139.75996141935485,35.677730741935484],[139.75974432258064,35.677850032258064],[139.75963577419355,35.67790967741935],[139.75941867741938,35.67802896774193],[139.75931012903226,35.678088612903224],[139.75920158064517,35.67814825806451],[139.75887593548387,35.678327193548384],[139.7586588387097,35.678446483870964],[139.75844174193548,35.678565774193544],[139.7582246451613,35.678685064516124],[139.757899,35.678864],[139.75771484615385,35.67903661538462],[139.75796053846153,35.67903784615385],[139.75820623076922,35.67903907692308],[139.7584519230769,35.67904030769231],[139.75869761538462,35.67904153846154],[139.7589433076923,35.67904276923077],[139.759189,35.679044000000005],[139.75943469230768,35.67904523076923],[139.75968038461536,35.67904646153846],[139.75992607692308,35.67904769230769],[139.76017176923077,35.67904892307692],[139.76041746153845,35.679050153846156],[139.7607479047619,35.67896104761905],[139.76074780952382,35.679208095238096],[139.7607477142857,35.679455142857144],[139.76074761904763,35.67970219047619],[139.76074752380953,35.67994923809524],[139.76074742857145,35.68019628571429],[139.76074733333334,35.680443333333336],[139.76074723809523,35.680690380952385],[139.76074714285716,35.68093742857143],[139.76074704761905,35.68118447619048],[139.7607446190476,35.681431571428575],[139.76073985714285,35.68167871428572],[139.7607350952381,35.68192585714286],[139.76073033333333,35.682173],[139.76072557142857,35.68242014285715],[139.7607208095238,35.68266728571429],[139.76090884615385,35.68269292307693],[139.76115453846154,35.68268876923077],[139.76140023076923,35.682684615384616],[139.7616459230769,35.68268046153846],[139.76189161538463,35.68267630769231],[139.7621373076923,35.682672153846156],[139.762383,35.682668],[139.7626286923077,35.682663846153844],[139.76299723076923,35.68265761538461],[139.76324292307692,35.68265346153846],[139.76353219047618,35.68266728571429],[139.76352295238095,35.68291442857143],[139.76351371428572,35.68316157142857],[139.7635044761905,35.68340871428572],[139.76349523809523,35.68365585714286],[139.763486,35.683903],[139.76347704761906,35.68415004761905],[139.7634680952381,35.6843970952381],[139.76344485714284,35.68484728571429],[139.7634501904762,35.68489119047619],[139.76344123809525,35.68513823809524],[139.7634322857143,35.68538528571429],[139.76342333333335,35.68563233333334],[139.76341438095238,35.685879380952386],[139.76340542857145,35.686126428571434],[139.763392,35.686497],[139.76338371428574,35.686744142857144],[139.76337542857144,35.686991285714285],[139.7633712857143,35.68711485714286],[139.76336714285716,35.68723842857143],[139.76335885714286,35.687485571428574],[139.7633505714286,35.687732714285715],[139.7633422857143,35.68797985714286],[139.76348861538463,35.688035],[139.76373430769232,35.688044999999995],[139.76398,35.688055],[139.76422576923076,35.688064],[139.76447153846155,35.688072999999996],[139.7647173076923,35.688082],[139.7649630769231,35.688091],[139.76520884615385,35.6881],[139.7654546153846,35.688109],[139.7657003846154,35.688118],[139.76594615384616,35.688127],[139.76619192307692,35.688136],[139.7664376923077,35.688145],[139.76668346153846,35.688154000000004],[139.76692923076925,35.688163],[139.767242,35.688227000000005],[139.767242,35.688474142857146],[139.767242,35.68872128571429],[139.767242,35.68896842857143],[139.76724323809526,35.68921552380952],[139.76724571428574,35.68946257142857],[139.7672481904762,35.68970961904762],[139.76725066666668,35.68995666666667],[139.76725314285716,35.690203714285715],[139.76725561904763,35.69045076190476],[139.7672580952381,35.69069780952381],[139.76726057142858,35.69094485714285],[139.76726304761905,35.6911919047619],[139.76726552380953,35.69143895238095],[139.76692923076925,35.69159346153846],[139.76668346153846,35.69159692307692],[139.7664376923077,35.691600384615384],[139.76619192307692,35.691603846153846],[139.76594615384616,35.69160730769231],[139.7657003846154,35.69161076923077],[139.7654546153846,35.691614230769225],[139.76520884615385,35.69161769230769],[139.7649630769231,35.69162115384615],[139.7647173076923,35.69162461538461],[139.76447153846155,35.691628076923074],[139.76422576923076,35.691631538461536],[139.76398,35.691635],[139.76373430769232,35.691637769230766],[139.76348861538463,35.691640538461535],[139.763227,35.691686],[139.76299723076923,35.69164607692308],[139.7626286923077,35.69165023076923],[139.762383,35.691653],[139.7621373076923,35.69165576923077],[139.76189161538463,35.69165853846154],[139.7616459230769,35.69166130769231],[139.76140023076923,35.691664076923075],[139.76115453846154,35.69166684615384],[139.76090884615385,35.69166961538461],[139.76066315384614,35.691672076923076],[139.76041746153845,35.69167423076923],[139.760312,35.691686],[139.76032704761906,35.69143895238095],[139.7603420952381,35.6911919047619],[139.76035714285715,35.69094485714285],[139.76037219047618,35.69069780952381],[139.76038723809523,35.69045076190476],[139.7604022857143,35.690203714285715],[139.76041733333332,35.68995666666667],[139.76043238095238,35.68970961904762],[139.76044742857144,35.68946257142857],[139.76046247619047,35.68921552380952],[139.76047628571428,35.68896842857143],[139.76048885714286,35.68872128571429],[139.76050142857142,35.688474142857146],[139.760514,35.688227000000005],[139.76052657142858,35.68797985714286],[139.76017176923077,35.687899615384616],[139.75992607692308,35.68788946153846],[139.75968038461536,35.687879307692306],[139.75943469230768,35.68786915384615],[139.759189,35.687859],[139.7589433076923,35.68784884615385],[139.75869761538462,35.68783869230769],[139.7584519230769,35.68782853846154],[139.75820623076922,35.68781838461538],[139.75796053846153,35.68780823076923],[139.75771484615385,35.68779807692307],[139.7574691153846,35.68778823076923],[139.75722334615384,35.68777869230769],[139.75697757692308,35.687769153846155],[139.7567318076923,35.687759615384614],[139.75648603846153,35.68775007692307],[139.75623933333333,35.687732714285715],[139.75599449999999,35.687731],[139.75562584615386,35.68771669230769],[139.75538007692307,35.687707153846155],[139.75513430769232,35.687697615384614],[139.75488853846156,35.687688076923074],[139.75464276923077,35.68767853846154],[139.754397,35.687669],[139.75415130769233,35.687660615384615],[139.75390561538464,35.68765223076923],[139.75365992307692,35.68764384615385],[139.75341423076924,35.68763546153846],[139.75316853846155,35.68762707692308],[139.75292284615387,35.687618692307694],[139.75268466666665,35.687485571428574],[139.75269,35.68723842857143],[139.75269533333332,35.686991285714285],[139.75270066666667,35.686744142857144],[139.752706,35.686497],[139.7527154285714,35.686126428571434],[139.7527217142857,35.685879380952386],[139.752728,35.68563233333334],[139.75273428571427,35.68538528571429],[139.75274057142857,35.68513823809524]]}},{"type":"Feature","properties":{"index":10,"distanceMetres":6281},"geometry":{"type":"LineString","coordinates":[[139.75274057142857,35.68513823809524],[139.75273428571427,35.68538528571429],[139.752728,35.68563233333334],[139.7527217142857,35.685879380952386],[139.7527154285714,35.686126428571434],[139.752706,35.686497],[139.75270066666667,35.686744142857144],[139.75269533333332,35.686991285714285],[139.75269,35.68723842857143],[139.75268466666665,35.687485571428574],[139.75243146153846,35.68760192307692],[139.75218576923078,35.687593538461535],[139.7519400769231,35.68758515384615],[139.75169438461538,35.687576769230766],[139.7514486923077,35.68756838461538],[139.751203,35.68756],[139.75095723076925,35.687553538461536],[139.75071146153846,35.687547076923074],[139.7504656923077,35.68754061538461],[139.7502199230769,35.68753415384615],[139.7502735,35.687694],[139.7504337,35.68787986666667],[139.750674,35.688158666666666],[139.7509143,35.68843746666666],[139.7511546,35.68871626666667],[139.7513148,35.68890213333333],[139.7513949,35.68899506666666],[139.75155533333333,35.68918146666667],[139.75163566666666,35.68927493333333],[139.75179633333335,35.68946186666667],[139.75187666666667,35.68955533333333],[139.751957,35.6896488],[139.752198,35.6899292],[139.752439,35.6902096],[139.75259966666667,35.690396533333335],[139.752628,35.69045076190476],[139.752632,35.690203714285715],[139.752636,35.68995666666667],[139.75263999999999,35.68970961904762],[139.752644,35.68946257142857],[139.752648,35.68921552380952],[139.75265266666665,35.68896842857143],[139.752658,35.68872128571429],[139.75266333333332,35.688474142857146],[139.75266866666666,35.688227000000005],[139.75267399999998,35.68797985714286],[139.75267933333333,35.687732714285715],[139.75268466666665,35.687485571428574],[139.75269,35.68723842857143],[139.75269533333332,35.686991285714285],[139.75270066666667,35.686744142857144],[139.752706,35.686497],[139.7527154285714,35.686126428571434],[139.7527217142857,35.685879380952386],[139.752728,35.68563233333334],[139.75273428571427,35.68538528571429],[139.75274057142857,35.68513823809524],[139.75272099999998,35.68494057142858],[139.752949,35.68494628571429],[139.753177,35.684952],[139.75340528571428,35.684956285714286],[139.75363357142857,35.684960571428576],[139.753976,35.684967],[139.754204,35.68496842857143],[139.754432,35.68496985714286],[139.75466,35.68497128571429],[139.75488814285714,35.684971857142855],[139.75523057142857,35.68497142857143],[139.75545885714286,35.684971142857144],[139.75568714285714,35.68497],[139.75591542857143,35.684968],[139.7561437142857,35.684966],[139.7562252857143,35.684644142857145],[139.7562251904762,35.6843970952381],[139.7562250952381,35.68415004761905],[139.756225,35.683903],[139.75622747619047,35.68365585714286],[139.75622995238095,35.68340871428572],[139.75623242857142,35.68316157142857],[139.7562349047619,35.68291442857143],[139.75623738095237,35.68266728571429],[139.75648603846153,35.68274569230769],[139.7567318076923,35.68274353846154],[139.75697757692308,35.68274138461538],[139.75722334615384,35.68273923076923],[139.7574691153846,35.682737076923075],[139.75771484615385,35.68273442307692],[139.75796053846153,35.68273126923077],[139.75820623076922,35.68272811538461],[139.7584519230769,35.68272496153846],[139.75869761538462,35.68272180769231],[139.7589433076923,35.68271865384615],[139.759189,35.6827155],[139.75943469230768,35.68271234615385],[139.75968038461536,35.68270919230769],[139.75992607692308,35.68270603846154],[139.76017176923077,35.68270288461539],[139.76041746153845,35.68269973076923],[139.7607208095238,35.68266728571429],[139.76090884615385,35.68269292307693],[139.76115453846154,35.68268876923077],[139.76140023076923,35.682684615384616],[139.7616459230769,35.68268046153846],[139.76189161538463,35.68267630769231],[139.7621373076923,35.682672153846156],[139.762383,35.682668],[139.7626286923077,35.682663846153844],[139.76299723076923,35.68265761538461],[139.76324292307692,35.68265346153846],[139.76353219047618,35.68266728571429],[139.76354142857144,35.68242014285715],[139.76355066666667,35.682173],[139.7635599047619,35.68192585714286],[139.76356914285716,35.68167871428572],[139.7635783809524,35.681431571428575],[139.76358766666667,35.68118447619048],[139.763597,35.68093742857143],[139.76360633333334,35.680690380952385],[139.76361566666668,35.680443333333336],[139.76362033333334,35.68031980952381],[139.763625,35.68019628571429],[139.76363433333333,35.67994923809524],[139.76364366666667,35.67970219047619],[139.763653,35.679455142857144],[139.76366233333331,35.679208095238096],[139.76367166666665,35.67896104761905],[139.76398,35.679077],[139.76422576923076,35.679079461538464],[139.76447153846155,35.67908192307692],[139.7647173076923,35.679084384615386],[139.7649630769231,35.679086846153844],[139.76520884615385,35.67908930769231],[139.7654546153846,35.679091769230766],[139.7657003846154,35.67909423076923],[139.76594615384616,35.67909669230769],[139.76619192307692,35.67909915384615],[139.7664376923077,35.67910161538461],[139.76668346153846,35.679104076923075],[139.76692923076925,35.67910653846153],[139.767175,35.679109],[139.76738495238095,35.67896104761905],[139.76766638461538,35.679114846153844],[139.76791207692307,35.679117769230764],[139.76815776923078,35.67912069230769],[139.76840346153847,35.67912361538461],[139.7685263076923,35.67912507692308],[139.76864915384616,35.67912653846154],[139.76889484615384,35.67912946153846],[139.76914053846153,35.679132384615386],[139.76938623076921,35.679135307692306],[139.76963192307693,35.67913823076923],[139.76987761538462,35.67914115384615],[139.77029280952382,35.679208095238096],[139.7702889047619,35.67896104761905],[139.770285,35.678714],[139.77028433333334,35.67846685714286],[139.77028366666667,35.67821971428572],[139.770283,35.67797257142857],[139.77028233333334,35.67772542857143],[139.77028166666668,35.67747828571429],[139.77028099999998,35.677231142857146],[139.77028033333332,35.676984],[139.77027966666665,35.676736857142856],[139.770279,35.676489714285715],[139.77027833333332,35.676242571428574],[139.77027928571428,35.675995428571426],[139.76987761538462,35.67607430769231],[139.76963192307693,35.67606946153846],[139.76938623076921,35.67606461538462],[139.76914053846153,35.67605976923077],[139.76889484615384,35.676054923076926],[139.76864915384616,35.676050076923076],[139.76840346153847,35.67604523076923],[139.76815776923078,35.67604038461538],[139.76791207692307,35.67603553846154],[139.76766638461538,35.67603069230769],[139.7674900952381,35.675995428571426],[139.767175,35.676021],[139.76692923076925,35.6760153076923],[139.76668346153846,35.676009615384615],[139.7664376923077,35.67600392307692],[139.76619192307692,35.67599823076923],[139.76594615384616,35.675992538461536],[139.7657003846154,35.67598684615385],[139.7654546153846,35.67598115384615],[139.76520884615385,35.675975461538464],[139.7649630769231,35.67596976923077],[139.7647173076923,35.67596407692308],[139.76447153846155,35.675958384615384],[139.76422576923076,35.675952692307696],[139.76398,35.675947],[139.76378023809525,35.675995428571426],[139.76348861538463,35.67593469230769],[139.76324292307692,35.67592853846154],[139.76299723076923,35.67592238461538],[139.762899,35.67612854838709],[139.76268100000001,35.67624674193548],[139.762463,35.67636493548387],[139.762136,35.67654222580645],[139.76202700000002,35.676601322580645],[139.761918,35.67666041935484],[139.76170000000002,35.67677861290322],[139.761591,35.676837709677415],[139.761482,35.67689680645161],[139.76115545161292,35.67707464516129],[139.76093835483871,35.67719393548387],[139.76072114285716,35.677231142857146],[139.76061270967742,35.67737287096774],[139.76039561290324,35.67749216129032],[139.76017851612903,35.6776114516129],[139.75996141935485,35.677730741935484],[139.75974432258064,35.677850032258064],[139.75963577419355,35.67790967741935],[139.75941867741938,35.67802896774193],[139.75931012903226,35.678088612903224],[139.75920158064517,35.67814825806451],[139.75887593548387,35.678327193548384],[139.7586588387097,35.678446483870964],[139.75844174193548,35.678565774193544],[139.7582246451613,35.678685064516124],[139.757899,35.678864],[139.75771484615385,35.67903661538462],[139.7574691153846,35.679035730769236],[139.7571407419355,35.679285354838704],[139.75703241935483,35.6793455483871],[139.75692409677418,35.67940574193548],[139.7567074516129,35.679526129032254],[139.75659912903225,35.67958632258064],[139.75638248387096,35.67970670967742],[139.75628257142859,35.67970219047619],[139.7559491935484,35.67994748387096],[139.7557325483871,35.68006787096774],[139.75540758064517,35.6802484516129],[139.75519093548385,35.680368838709676],[139.75497429032256,35.68048922580645],[139.75475764516128,35.680609612903226],[139.75464932258063,35.68066980645161],[139.75443267741935,35.68079064516129],[139.7543243548387,35.68085129032258],[139.75421603225806,35.68091193548387],[139.75389106451613,35.681093870967736],[139.75367441935484,35.68121516129032],[139.75345777419355,35.6813364516129],[139.75313280645162,35.68151838709677],[139.75302448387097,35.681579032258064],[139.75291616129033,35.681639677419355],[139.75283714285715,35.68167871428572],[139.7528299047619,35.68192585714286],[139.75282266666667,35.682173],[139.75281542857144,35.68242014285715],[139.75280819047617,35.68266728571429],[139.75280095238094,35.68291442857143],[139.7527937142857,35.68316157142857],[139.75278647619047,35.68340871428572],[139.75277923809523,35.68365585714286],[139.752772,35.683903],[139.75276571428572,35.68415004761905],[139.7527594285714,35.6843970952381],[139.75275314285713,35.684644142857145],[139.75272099999998,35.68494057142858],[139.75274057142857,35.68513823809524]]}},{"type":"Feature","properties":{"index":11,"distanceMetres":6350},"geometry":{"type":"LineString","coordinates":[[139.75274057142857,35.68513823809524],[139.75273428571427,35.68538528571429],[139.752728,35.68563233333334],[139.7527217142857,35.685879380952386],[139.7527154285714,35.686126428571434],[139.752706,35.686497],[139.75270066666667,35.686744142857144],[139.75269533333332,35.686991285714285],[139.75269,35.68723842857143],[139.75268466666665,35.687485571428574],[139.75243146153846,35.68760192307692],[139.75218576923078,35.687593538461535],[139.7519400769231,35.68758515384615],[139.75169438461538,35.687576769230766],[139.7514486923077,35.68756838461538],[139.751203,35.68756],[139.75095723076925,35.687553538461536],[139.75071146153846,35.687547076923074],[139.7504656923077,35.68754061538461],[139.7502199230769,35.68753415384615],[139.7502735,35.687694],[139.7504337,35.68787986666667],[139.750674,35.688158666666666],[139.7509143,35.68843746666666],[139.7511546,35.68871626666667],[139.7513148,35.68890213333333],[139.7513949,35.68899506666666],[139.75155533333333,35.68918146666667],[139.75163566666666,35.68927493333333],[139.75179633333335,35.68946186666667],[139.75187666666667,35.68955533333333],[139.751957,35.6896488],[139.752198,35.6899292],[139.752439,35.6902096],[139.75259966666667,35.690396533333335],[139.752628,35.69045076190476],[139.752624,35.69069780952381],[139.75262,35.69094485714285],[139.75261600000002,35.6911919047619],[139.752612,35.69143895238095],[139.752608,35.691686],[139.75267715384615,35.69171976923077],[139.75292284615387,35.69171923076923],[139.75316853846155,35.691718692307695],[139.75341423076924,35.69171815384615],[139.75365992307692,35.69171761538462],[139.753885,35.691892],[139.7541275,35.6921741],[139.754348,35.692110142857146],[139.754522,35.69193357142857],[139.754397,35.691716],[139.75415130769233,35.69171653846154],[139.75390561538464,35.69171707692308],[139.75365992307692,35.69171761538462],[139.753644,35.6916116],[139.75348333333332,35.69142466666667],[139.753403,35.6913312],[139.75324233333333,35.69114426666667],[139.753162,35.6910508],[139.75308166666667,35.69095733333334],[139.752921,35.6907704],[139.75284066666666,35.690676933333336],[139.752628,35.69045076190476],[139.752624,35.69069780952381],[139.75262,35.69094485714285],[139.75261600000002,35.6911919047619],[139.752612,35.69143895238095],[139.752608,35.691686],[139.75260533333335,35.69193314285714],[139.75260266666666,35.69218028571428],[139.7526,35.69242742857143],[139.75259733333334,35.69267457142857],[139.75259466666668,35.69292171428571],[139.752592,35.69316885714285],[139.752823,35.693260555555554],[139.753031,35.693150333333335],[139.753343,35.692985],[139.753436,35.69290875],[139.753622,35.69275625],[139.753715,35.692679999999996],[139.753808,35.692603749999996],[139.754087,35.692375],[139.7541275,35.6921741],[139.753885,35.691892],[139.75365992307692,35.69171761538462],[139.75341423076924,35.69171815384615],[139.75316853846155,35.691718692307695],[139.75292284615387,35.69171923076923],[139.75267715384615,35.69171976923077],[139.752608,35.691686],[139.752612,35.69143895238095],[139.75261600000002,35.6911919047619],[139.75262,35.69094485714285],[139.752624,35.69069780952381],[139.752628,35.69045076190476],[139.75259966666667,35.690396533333335],[139.752439,35.6902096],[139.752198,35.6899292],[139.751957,35.6896488],[139.75187666666667,35.68955533333333],[139.75179633333335,35.68946186666667],[139.75163566666666,35.68927493333333],[139.75155533333333,35.68918146666667],[139.7513949,35.68899506666666],[139.7513148,35.68890213333333],[139.7511546,35.68871626666667],[139.7509143,35.68843746666666],[139.750674,35.688158666666666],[139.7504337,35.68787986666667],[139.7502735,35.687694],[139.7502199230769,35.68753415384615],[139.74997415384615,35.68752769230769],[139.7497283846154,35.68752123076923],[139.7494826153846,35.687514769230766],[139.74923684615385,35.687508307692305],[139.74901476190476,35.687485571428574],[139.74900695238094,35.687732714285715],[139.74899914285714,35.68797985714286],[139.74899133333332,35.688227000000005],[139.74898352380953,35.688474142857146],[139.7489757142857,35.68872128571429],[139.7489679047619,35.68896842857143],[139.74896095238094,35.68921552380952],[139.74895485714285,35.68946257142857],[139.74894876190476,35.68970961904762],[139.74894266666666,35.68995666666667],[139.74893657142857,35.690203714285715],[139.74893047619048,35.69045076190476],[139.7489243809524,35.69069780952381],[139.74891828571427,35.69094485714285],[139.74891219047618,35.6911919047619],[139.74890609523808,35.69143895238095],[139.7489,35.691686],[139.74889609523808,35.69193314285714],[139.7488921904762,35.69218028571428],[139.7488882857143,35.69242742857143],[139.74888438095238,35.69267457142857],[139.74888047619046,35.69292171428571],[139.74887657142858,35.69316885714285],[139.74887461904763,35.693292428571425],[139.74887266666667,35.693416],[139.749028,35.693475],[139.749361,35.6935551],[139.749583,35.693608499999996],[139.749805,35.6936619],[139.750027,35.6937153],[139.7503714,35.6937442],[139.7506048,35.6937464],[139.7508382,35.6937486],[139.7510716,35.693750800000004],[139.751305,35.693753],[139.7515254,35.6936986],[139.7517458,35.6936442],[139.751856,35.693617],[139.7520764,35.6935626],[139.7522968,35.6935082],[139.75258933333333,35.693416],[139.752592,35.69316885714285],[139.752823,35.693260555555554],[139.753031,35.693150333333335],[139.753343,35.692985],[139.753436,35.69290875],[139.753622,35.69275625],[139.753715,35.692679999999996],[139.753808,35.692603749999996],[139.754087,35.692375],[139.7541275,35.6921741],[139.753885,35.691892],[139.75365992307692,35.69171761538462],[139.75341423076924,35.69171815384615],[139.75316853846155,35.691718692307695],[139.75292284615387,35.69171923076923],[139.75267715384615,35.69171976923077],[139.752608,35.691686],[139.75218576923078,35.69172084615385],[139.7519400769231,35.691721384615384],[139.75169438461538,35.691721923076926],[139.7514486923077,35.69172246153846],[139.751203,35.691723],[139.75095723076925,35.69172269230769],[139.75071146153846,35.69172238461539],[139.7504656923077,35.69172207692308],[139.7502199230769,35.691721769230774],[139.74997415384615,35.691721461538464],[139.7497283846154,35.69172115384615],[139.7494826153846,35.69172084615385],[139.74923684615385,35.69172053846154],[139.7489,35.691686],[139.7487453076923,35.691719923076924],[139.74837665384615,35.69171946153846],[139.7481308846154,35.69171915384615],[139.74788515384614,35.69171842307692],[139.74763946153845,35.69171726923077],[139.74739376923077,35.691716115384615],[139.74714807692308,35.69171496153846],[139.74690238461537,35.69171380769231],[139.74665669230768,35.69171265384615],[139.746411,35.6917115],[139.7461653076923,35.69171034615385],[139.746031,35.691686],[139.74602166666665,35.69193314285714],[139.74633875,35.692055624999995],[139.746435,35.692108],[139.74653175,35.692164874999996],[139.746822,35.6923355],[139.74711225,35.692506125],[139.747314375,35.692623125],[139.747525125,35.692743375],[139.747735875,35.692863625],[139.74784125,35.69292375],[139.748052,35.693044],[139.74816044444444,35.69309188888889],[139.7482688888889,35.69313977777778],[139.74859422222224,35.69328344444445],[139.74887461904763,35.693292428571425],[139.74887657142858,35.69316885714285],[139.74888047619046,35.69292171428571],[139.74888438095238,35.69267457142857],[139.7488882857143,35.69242742857143],[139.7488921904762,35.69218028571428],[139.74889609523808,35.69193314285714],[139.7489,35.691686],[139.74923684615385,35.69172053846154],[139.7494826153846,35.69172084615385],[139.7497283846154,35.69172115384615],[139.74997415384615,35.691721461538464],[139.7502199230769,35.691721769230774],[139.7504656923077,35.69172207692308],[139.75071146153846,35.69172238461539],[139.75095723076925,35.69172269230769],[139.751203,35.691723],[139.7514486923077,35.69172246153846],[139.75169438461538,35.691721923076926],[139.7519400769231,35.691721384615384],[139.75218576923078,35.69172084615385],[139.752608,35.691686],[139.752612,35.69143895238095],[139.75261600000002,35.6911919047619],[139.75262,35.69094485714285],[139.752624,35.69069780952381],[139.752628,35.69045076190476],[139.752632,35.690203714285715],[139.752636,35.68995666666667],[139.75263999999999,35.68970961904762],[139.752644,35.68946257142857],[139.752648,35.68921552380952],[139.75265266666665,35.68896842857143],[139.752658,35.68872128571429],[139.75266333333332,35.688474142857146],[139.75266866666666,35.688227000000005],[139.75267399999998,35.68797985714286],[139.75267933333333,35.687732714285715],[139.75268466666665,35.687485571428574],[139.75269,35.68723842857143],[139.75269533333332,35.686991285714285],[139.75270066666667,35.686744142857144],[139.752706,35.686497],[139.7527154285714,35.686126428571434],[139.7527217142857,35.685879380952386],[139.752728,35.68563233333334],[139.75273428571427,35.68538528571429],[139.75274057142857,35.68513823809524]]}},{"type":"Feature","properties":{"index":12,"distanceMetres":6355},"geometry":{"type":"LineString","coordinates":[[139.75274057142857,35.68513823809524],[139.75273428571427,35.68538528571429],[139.752728,35.68563233333334],[139.7527217142857,35.685879380952386],[139.7527154285714,35.686126428571434],[139.752706,35.686497],[139.75270066666667,35.686744142857144],[139.75269533333332,35.686991285714285],[139.75269,35.68723842857143],[139.75268466666665,35.687485571428574],[139.75267933333333,35.687732714285715],[139.75267399999998,35.68797985714286],[139.75266866666666,35.688227000000005],[139.75266333333332,35.688474142857146],[139.752658,35.68872128571429],[139.75265266666665,35.68896842857143],[139.752648,35.68921552380952],[139.752644,35.68946257142857],[139.75263999999999,35.68970961904762],[139.752636,35.68995666666667],[139.752632,35.690203714285715],[139.752628,35.69045076190476],[139.75284066666666,35.690676933333336],[139.752921,35.6907704],[139.75308166666667,35.69095733333334],[139.753162,35.6910508],[139.75324233333333,35.69114426666667],[139.753403,35.6913312],[139.75348333333332,35.69142466666667],[139.753644,35.6916116],[139.75365992307692,35.69171761538462],[139.75390561538464,35.69171707692308],[139.75415130769233,35.69171653846154],[139.754397,35.691716],[139.75464276923077,35.69171469230769],[139.75488853846156,35.69171338461538],[139.75513430769232,35.691712076923075],[139.75538007692307,35.69171076923077],[139.75562584615386,35.69170946153846],[139.75599449999999,35.6917075],[139.756307,35.691686],[139.75648603846153,35.69170488461538],[139.7567318076923,35.691703576923075],[139.75697757692308,35.69170226923077],[139.75722334615384,35.69170096153846],[139.7574691153846,35.69169965384615],[139.75771484615385,35.69169792307692],[139.75796053846153,35.69169576923077],[139.75820623076922,35.691693615384615],[139.7584519230769,35.69169146153846],[139.75869761538462,35.69168930769231],[139.7589433076923,35.69168715384615],[139.759189,35.691685],[139.75943469230768,35.691682846153846],[139.75968038461536,35.69168069230769],[139.75992607692308,35.69167853846154],[139.760312,35.691686],[139.7602956190476,35.69193314285714],[139.76027923809525,35.69218028571428],[139.76026285714286,35.69242742857143],[139.76024647619047,35.69267457142857],[139.7602300952381,35.69292171428571],[139.76021371428573,35.69316885714285],[139.76019733333334,35.693416],[139.76018095238095,35.69366314285714],[139.7601645714286,35.69391028571428],[139.7601481904762,35.69415742857142],[139.7601318095238,35.69440457142857],[139.76012361904762,35.69452814285714],[139.76011542857142,35.69465171428571],[139.76009904761904,35.69489885714285],[139.76008266666668,35.695146],[139.7600662857143,35.69539314285714],[139.7600499047619,35.69564028571428],[139.7600335238095,35.69588742857143],[139.76001714285712,35.69613457142857],[139.76000076190476,35.696381714285714],[139.75998438095237,35.69662885714286],[139.759968,35.696876],[139.75968038461536,35.69706576923077],[139.75943469230768,35.697062384615386],[139.759189,35.697058999999996],[139.7589433076923,35.69705561538461],[139.75869761538462,35.69705223076923],[139.7584519230769,35.69704884615385],[139.75820623076922,35.697045461538465],[139.7580222,35.696699599999995],[139.75794066666668,35.696605],[139.7577776,35.6964158],[139.75769606666668,35.6963212],[139.75753300000002,35.696132],[139.75745146666668,35.6960374],[139.75736993333334,35.6959428],[139.75712533333333,35.695659],[139.75688073333333,35.6953752],[139.75671766666667,35.695186],[139.75663613333336,35.6950914],[139.75640366666667,35.69489885714285],[139.75641233333334,35.695146],[139.756421,35.69539314285714],[139.75642966666666,35.69564028571428],[139.75643833333334,35.69588742857143],[139.756447,35.69613457142857],[139.75645566666665,35.696381714285714],[139.75646433333333,35.69662885714286],[139.756473,35.696876],[139.7567318076923,35.69702784615385],[139.75697757692308,35.69703046153846],[139.75722334615384,35.69703307692308],[139.7574691153846,35.69703569230769],[139.75771484615385,35.69703869230769],[139.75796053846153,35.697042076923076],[139.75820623076922,35.697045461538465],[139.75842986666666,35.697172599999995],[139.75867446666666,35.6974564],[139.7588357096774,35.69764306451613],[139.75891541935485,35.69773512903225],[139.7590748387097,35.697919258064516],[139.7591545483871,35.69801132258064],[139.75931396774195,35.698195451612904],[139.75939367741935,35.69828751612903],[139.75947338709676,35.69837958064516],[139.75986957142857,35.69848180952381],[139.7598847142857,35.698234761904764],[139.75989985714284,35.697987714285716],[139.75991499999998,35.69774066666667],[139.75993014285714,35.69749361904762],[139.75994528571428,35.69724657142857],[139.759968,35.696876],[139.75968038461536,35.69706576923077],[139.75943469230768,35.697062384615386],[139.759189,35.697058999999996],[139.7589433076923,35.69705561538461],[139.75869761538462,35.69705223076923],[139.7584519230769,35.69704884615385],[139.75820623076922,35.697045461538465],[139.7580222,35.696699599999995],[139.75794066666668,35.696605],[139.7577776,35.6964158],[139.75769606666668,35.6963212],[139.75753300000002,35.696132],[139.75745146666668,35.6960374],[139.75736993333334,35.6959428],[139.75712533333333,35.695659],[139.75688073333333,35.6953752],[139.75671766666667,35.695186],[139.75663613333336,35.6950914],[139.75640366666667,35.69489885714285],[139.756395,35.69465171428571],[139.75638633333332,35.69440457142857],[139.75637842857142,35.69415742857142],[139.7567318076923,35.69420769230769],[139.75697757692308,35.69421092307692],[139.75722334615384,35.694214153846154],[139.7574691153846,35.694217384615385],[139.75771484615385,35.69422011538461],[139.75796053846153,35.69422234615384],[139.75820623076922,35.69422457692308],[139.7584519230769,35.6942268076923],[139.75869761538462,35.694229038461536],[139.7589433076923,35.69423126923077],[139.759189,35.694233499999996],[139.75943469230768,35.69423573076923],[139.75968038461536,35.69423796153846],[139.75992607692308,35.694240192307696],[139.7601481904762,35.69415742857142],[139.7601645714286,35.69391028571428],[139.76018095238095,35.69366314285714],[139.76019733333334,35.693416],[139.76021371428573,35.69316885714285],[139.7602300952381,35.69292171428571],[139.76024647619047,35.69267457142857],[139.76026285714286,35.69242742857143],[139.76027923809525,35.69218028571428],[139.7602956190476,35.69193314285714],[139.760312,35.691686],[139.76032704761906,35.69143895238095],[139.7603420952381,35.6911919047619],[139.76035714285715,35.69094485714285],[139.76037219047618,35.69069780952381],[139.76038723809523,35.69045076190476],[139.7604022857143,35.690203714285715],[139.76041733333332,35.68995666666667],[139.76043238095238,35.68970961904762],[139.76044742857144,35.68946257142857],[139.76046247619047,35.68921552380952],[139.76047628571428,35.68896842857143],[139.76048885714286,35.68872128571429],[139.76050142857142,35.688474142857146],[139.760514,35.688227000000005],[139.76052657142858,35.68797985714286],[139.76053914285714,35.687732714285715],[139.76055171428573,35.687485571428574],[139.76056428571428,35.68723842857143],[139.76057685714287,35.686991285714285],[139.76058942857142,35.686744142857144],[139.760602,35.686497],[139.7606155714286,35.686126428571434],[139.76062461904763,35.685879380952386],[139.76063366666668,35.68563233333334],[139.76064271428572,35.68538528571429],[139.76065176190477,35.68513823809524],[139.76070642857144,35.684890714285714],[139.76047814285715,35.68489357142857],[139.76013600000002,35.684898714285715],[139.759908,35.68490242857143],[139.75968,35.684906142857145],[139.75945185714286,35.68491014285714],[139.75922357142858,35.684914428571425],[139.75888114285715,35.684920857142856],[139.758653,35.68492514285714],[139.75842500000002,35.68492942857143],[139.758197,35.68493371428571],[139.757969,35.684938],[139.75762657142857,35.684944],[139.7573982857143,35.684948000000006],[139.75717,35.684952],[139.756942,35.68495542857143],[139.756714,35.68495885714286],[139.756486,35.684962285714285],[139.756553,35.685203],[139.75666557142856,35.68540528571429],[139.75683442857144,35.68570871428571],[139.7568907142857,35.68580985714286],[139.756947,35.685911],[139.7570802857143,35.68621614285714],[139.75716914285715,35.686419571428566],[139.75728885714287,35.686726285714286],[139.7573505714286,35.68693285714286],[139.75738142857142,35.68703614285714],[139.75741228571428,35.68713942857143],[139.75738142857142,35.68703614285714],[139.7573505714286,35.68693285714286],[139.75728885714287,35.686726285714286],[139.75716914285715,35.686419571428566],[139.7570802857143,35.68621614285714],[139.756947,35.685911],[139.7568907142857,35.68580985714286],[139.75683442857144,35.68570871428571],[139.75666557142856,35.68540528571429],[139.756553,35.685203],[139.756486,35.684962285714285],[139.7561437142857,35.684966],[139.75591542857143,35.684968],[139.75568714285714,35.68497],[139.75545885714286,35.684971142857144],[139.75523057142857,35.68497142857143],[139.75488814285714,35.684971857142855],[139.75466,35.68497128571429],[139.754432,35.68496985714286],[139.754204,35.68496842857143],[139.753976,35.684967],[139.75363357142857,35.684960571428576],[139.75340528571428,35.684956285714286],[139.753177,35.684952],[139.752949,35.68494628571429],[139.75272099999998,35.68494057142858],[139.75274057142857,35.68513823809524]]}},{"type":"Feature","properties":{"index":13,"distanceMetres":6627},"geometry":{"type":"LineString","coordinates":[[139.75274057142857,35.68513823809524],[139.75273428571427,35.68538528571429],[139.752728,35.68563233333334],[139.7527217142857,35.685879380952386],[139.7527154285714,35.686126428571434],[139.752706,35.686497],[139.75270066666667,35.686744142857144],[139.75269533333332,35.686991285714285],[139.75269,35.68723842857143],[139.75268466666665,35.687485571428574],[139.75243146153846,35.68760192307692],[139.75218576923078,35.687593538461535],[139.7519400769231,35.68758515384615],[139.75169438461538,35.687576769230766],[139.7514486923077,35.68756838461538],[139.751203,35.68756],[139.75095723076925,35.687553538461536],[139.75071146153846,35.687547076923074],[139.7504656923077,35.68754061538461],[139.7502199230769,35.68753415384615],[139.74997415384615,35.68752769230769],[139.7497283846154,35.68752123076923],[139.7494826153846,35.687514769230766],[139.74923684615385,35.687508307692305],[139.74901476190476,35.687485571428574],[139.74900695238094,35.687732714285715],[139.74899914285714,35.68797985714286],[139.74899133333332,35.688227000000005],[139.74898352380953,35.688474142857146],[139.7489757142857,35.68872128571429],[139.7489679047619,35.68896842857143],[139.74896095238094,35.68921552380952],[139.74895485714285,35.68946257142857],[139.74894876190476,35.68970961904762],[139.74894266666666,35.68995666666667],[139.74893657142857,35.690203714285715],[139.74893047619048,35.69045076190476],[139.7489243809524,35.69069780952381],[139.74891828571427,35.69094485714285],[139.74891219047618,35.6911919047619],[139.74890609523808,35.69143895238095],[139.7489,35.691686],[139.7487453076923,35.691719923076924],[139.74837665384615,35.69171946153846],[139.7481308846154,35.69171915384615],[139.74788515384614,35.69171842307692],[139.74763946153845,35.69171726923077],[139.74739376923077,35.691716115384615],[139.74714807692308,35.69171496153846],[139.74690238461537,35.69171380769231],[139.74665669230768,35.69171265384615],[139.746411,35.6917115],[139.7461653076923,35.69171034615385],[139.746031,35.691686],[139.74602166666665,35.69193314285714],[139.7460123333333,35.69218028571428],[139.746003,35.69242742857143],[139.74599366666666,35.69267457142857],[139.74598433333333,35.69292171428571],[139.745975,35.69316885714285],[139.74596566666668,35.693416],[139.74595633333334,35.69366314285714],[139.745947,35.69391028571428],[139.74593766666666,35.69415742857142],[139.74592752380954,35.69440457142857],[139.74591657142858,35.69465171428571],[139.74590561904762,35.69489885714285],[139.7458946666667,35.695146],[139.74588371428572,35.69539314285714],[139.74587276190476,35.69564028571428],[139.74586180952383,35.69588742857143],[139.74585085714287,35.69613457142857],[139.7458399047619,35.696381714285714],[139.74582895238098,35.69662885714286],[139.745818,35.696876],[139.74591961538462,35.69696634615385],[139.7461653076923,35.69696642307692],[139.746411,35.6969665],[139.74665669230768,35.69696657692308],[139.74690238461537,35.696966653846154],[139.74714807692308,35.69696673076923],[139.74739376923077,35.696966807692306],[139.74763946153845,35.696966884615385],[139.74788515384614,35.696966961538465],[139.7481308846154,35.69696746153846],[139.74837665384615,35.69696838461539],[139.748844,35.696876],[139.7489910769231,35.696970692307694],[139.74923684615385,35.69697161538461],[139.7494826153846,35.69697253846154],[139.7497283846154,35.69697346153846],[139.74997415384615,35.69697438461539],[139.7502199230769,35.696975307692306],[139.7504656923077,35.69697623076923],[139.75071146153846,35.696977153846156],[139.75095723076925,35.696978076923074],[139.751203,35.696979],[139.7514486923077,35.69698084615384],[139.75169438461538,35.69698269230769],[139.7519400769231,35.696984538461535],[139.75218576923078,35.696986384615386],[139.752568,35.696876],[139.75256857142855,35.69724657142857],[139.75256895238095,35.69749361904762],[139.75256933333333,35.69774066666667],[139.7525697142857,35.697987714285716],[139.7525700952381,35.698234761904764],[139.75257047619047,35.69848180952381],[139.75257085714284,35.698728857142854],[139.75257123809521,35.6989759047619],[139.75257161904761,35.69922295238095],[139.752572,35.69947],[139.7525739047619,35.69971714285714],[139.7525758095238,35.69996428571428],[139.7525777142857,35.70021142857143],[139.7525796190476,35.70045857142857],[139.7525815238095,35.70070571428571],[139.75258342857143,35.70095285714285],[139.75258533333331,35.7012],[139.75258723809523,35.70144714285714],[139.75258914285715,35.70169428571428],[139.75259104761903,35.70194142857142],[139.75259366666666,35.70218852380952],[139.75259699999998,35.702435571428566],[139.75260033333333,35.702682619047614],[139.75260366666666,35.70292966666666],[139.75267715384615,35.70296669230769],[139.75292284615387,35.702975307692306],[139.75316853846155,35.70298392307692],[139.75341423076924,35.70299253846154],[139.75365992307692,35.70300115384615],[139.75390561538464,35.70300976923077],[139.75415130769233,35.70301838461538],[139.754397,35.703027],[139.75464276923077,35.703037153846154],[139.75488853846156,35.70304730769231],[139.75513430769232,35.703057461538464],[139.75538007692307,35.70306761538461],[139.75562584615386,35.70307776923077],[139.75599449999999,35.703092999999996],[139.75624026923077,35.70310315384615],[139.75648603846153,35.703113307692306],[139.75671233333333,35.70292966666666],[139.7567028095238,35.702682619047614],[139.75669328571428,35.702435571428566],[139.75668376190475,35.70218852380952],[139.75667404761904,35.70194142857142],[139.75666414285715,35.70169428571428],[139.75665423809522,35.70144714285714],[139.75664433333333,35.7012],[139.75663442857143,35.70095285714285],[139.75662947619048,35.700829285714285],[139.7566245238095,35.70070571428571],[139.7566146190476,35.70045857142857],[139.75660471428571,35.70021142857143],[139.75659480952382,35.69996428571428],[139.7565849047619,35.69971714285714],[139.756575,35.69947],[139.7565652857143,35.69922295238095],[139.75655557142858,35.6989759047619],[139.75654585714287,35.698728857142854],[139.75653614285713,35.69848180952381],[139.75652642857142,35.698234761904764],[139.7565167142857,35.697987714285716],[139.756507,35.69774066666667],[139.7564972857143,35.69749361904762],[139.75648757142858,35.69724657142857],[139.756473,35.696876],[139.7567318076923,35.69702784615385],[139.75697757692308,35.69703046153846],[139.75722334615384,35.69703307692308],[139.7574691153846,35.69703569230769],[139.75771484615385,35.69703869230769],[139.75796053846153,35.697042076923076],[139.75820623076922,35.697045461538465],[139.75842986666666,35.697172599999995],[139.75867446666666,35.6974564],[139.7588357096774,35.69764306451613],[139.75891541935485,35.69773512903225],[139.7590748387097,35.697919258064516],[139.7591545483871,35.69801132258064],[139.75931396774195,35.698195451612904],[139.75939367741935,35.69828751612903],[139.75947338709676,35.69837958064516],[139.75986957142857,35.69848180952381],[139.7598847142857,35.698234761904764],[139.75989985714284,35.697987714285716],[139.75991499999998,35.69774066666667],[139.75993014285714,35.69749361904762],[139.75994528571428,35.69724657142857],[139.759968,35.696876],[139.75998438095237,35.69662885714286],[139.76000076190476,35.696381714285714],[139.76001714285712,35.69613457142857],[139.7600335238095,35.69588742857143],[139.7600499047619,35.69564028571428],[139.7600662857143,35.69539314285714],[139.76008266666668,35.695146],[139.76009904761904,35.69489885714285],[139.76011542857142,35.69465171428571],[139.76012361904762,35.69452814285714],[139.7601318095238,35.69440457142857],[139.7601481904762,35.69415742857142],[139.75992607692308,35.694240192307696],[139.75968038461536,35.69423796153846],[139.75943469230768,35.69423573076923],[139.759189,35.694233499999996],[139.7589433076923,35.69423126923077],[139.75869761538462,35.694229038461536],[139.7584519230769,35.6942268076923],[139.75820623076922,35.69422457692308],[139.75796053846153,35.69422234615384],[139.75771484615385,35.69422011538461],[139.7574691153846,35.694217384615385],[139.75722334615384,35.694214153846154],[139.75697757692308,35.69421092307692],[139.7567318076923,35.69420769230769],[139.75637842857142,35.69415742857142],[139.75624026923077,35.69420123076923],[139.75599449999999,35.694198],[139.75562584615386,35.69419315384616],[139.75566333333333,35.693960733333334],[139.75542083333335,35.693678633333334],[139.75517833333333,35.693396533333335],[139.75501666666668,35.69320846666667],[139.75493583333335,35.693114433333335],[139.75477416666666,35.69292636666667],[139.75469333333334,35.692832333333335],[139.75453166666668,35.69264426666667],[139.75445083333332,35.692550233333336],[139.75437,35.6924562],[139.7541275,35.6921741],[139.753885,35.691892],[139.75365992307692,35.69171761538462],[139.753644,35.6916116],[139.75348333333332,35.69142466666667],[139.753403,35.6913312],[139.75324233333333,35.69114426666667],[139.753162,35.6910508],[139.75308166666667,35.69095733333334],[139.752921,35.6907704],[139.75284066666666,35.690676933333336],[139.752628,35.69045076190476],[139.752632,35.690203714285715],[139.752636,35.68995666666667],[139.75263999999999,35.68970961904762],[139.752644,35.68946257142857],[139.752648,35.68921552380952],[139.75265266666665,35.68896842857143],[139.752658,35.68872128571429],[139.75266333333332,35.688474142857146],[139.75266866666666,35.688227000000005],[139.75267399999998,35.68797985714286],[139.75267933333333,35.687732714285715],[139.75268466666665,35.687485571428574],[139.75269,35.68723842857143],[139.75269533333332,35.686991285714285],[139.75270066666667,35.686744142857144],[139.752706,35.686497],[139.7527154285714,35.686126428571434],[139.7527217142857,35.685879380952386],[139.752728,35.68563233333334],[139.75273428571427,35.68538528571429],[139.75274057142857,35.68513823809524]]}},{"type":"Feature","properties":{"index":14,"distanceMetres":6676},"geometry":{"type":"LineString","coordinates":[[139.75274057142857,35.68513823809524],[139.75273428571427,35.68538528571429],[139.752728,35.68563233333334],[139.7527217142857,35.685879380952386],[139.7527154285714,35.686126428571434],[139.752706,35.686497],[139.75270066666667,35.686744142857144],[139.75269533333332,35.686991285714285],[139.75269,35.68723842857143],[139.75268466666665,35.687485571428574],[139.75267933333333,35.687732714285715],[139.75267399999998,35.68797985714286],[139.75266866666666,35.688227000000005],[139.75266333333332,35.688474142857146],[139.752658,35.68872128571429],[139.75265266666665,35.68896842857143],[139.752648,35.68921552380952],[139.752644,35.68946257142857],[139.75263999999999,35.68970961904762],[139.752636,35.68995666666667],[139.752632,35.690203714285715],[139.752628,35.69045076190476],[139.752624,35.69069780952381],[139.75262,35.69094485714285],[139.75261600000002,35.6911919047619],[139.752612,35.69143895238095],[139.752608,35.691686],[139.75267715384615,35.69171976923077],[139.75292284615387,35.69171923076923],[139.75316853846155,35.691718692307695],[139.75341423076924,35.69171815384615],[139.75365992307692,35.69171761538462],[139.75390561538464,35.69171707692308],[139.75415130769233,35.69171653846154],[139.754397,35.691716],[139.75464276923077,35.69171469230769],[139.75485828571428,35.69159385714286],[139.7550205714286,35.691430714285715],[139.75510171428573,35.69134914285714],[139.755264,35.691186],[139.75534871428573,35.69110942857143],[139.75560285714286,35.690879714285714],[139.755857,35.69065],[139.75611757142858,35.690414714285716],[139.75627671428572,35.690203714285715],[139.75628176190477,35.69045076190476],[139.7562868095238,35.69069780952381],[139.75629185714286,35.69094485714285],[139.7562969047619,35.6911919047619],[139.75630195238094,35.69143895238095],[139.756307,35.691686],[139.75599449999999,35.6917075],[139.75562584615386,35.69170946153846],[139.75538007692307,35.69171076923077],[139.75513430769232,35.691712076923075],[139.75488853846156,35.69171338461538],[139.75464276923077,35.69171469230769],[139.75485828571428,35.69159385714286],[139.7550205714286,35.691430714285715],[139.75510171428573,35.69134914285714],[139.755264,35.691186],[139.75534871428573,35.69110942857143],[139.75560285714286,35.690879714285714],[139.755857,35.69065],[139.75611757142858,35.690414714285716],[139.75627671428572,35.690203714285715],[139.75628176190477,35.69045076190476],[139.7562868095238,35.69069780952381],[139.75629185714286,35.69094485714285],[139.7562969047619,35.6911919047619],[139.75630195238094,35.69143895238095],[139.756307,35.691686],[139.75631414285715,35.69193314285714],[139.75632128571428,35.69218028571428],[139.75632842857144,35.69242742857143],[139.75633557142856,35.69267457142857],[139.75634271428572,35.69292171428571],[139.75634985714285,35.69316885714285],[139.756357,35.693416],[139.75636414285714,35.69366314285714],[139.7563712857143,35.69391028571428],[139.75637842857142,35.69415742857142],[139.75624026923077,35.69420123076923],[139.75599449999999,35.694198],[139.7560675,35.6944309],[139.75614833333336,35.694524933333334],[139.75631,35.694713],[139.756395,35.69465171428571],[139.75638633333332,35.69440457142857],[139.75637842857142,35.69415742857142],[139.7567318076923,35.69420769230769],[139.75697757692308,35.69421092307692],[139.75722334615384,35.694214153846154],[139.7574691153846,35.694217384615385],[139.75771484615385,35.69422011538461],[139.75796053846153,35.69422234615384],[139.75820623076922,35.69422457692308],[139.7584519230769,35.6942268076923],[139.75869761538462,35.694229038461536],[139.7589433076923,35.69423126923077],[139.759189,35.694233499999996],[139.75943469230768,35.69423573076923],[139.75968038461536,35.69423796153846],[139.75992607692308,35.694240192307696],[139.7601481904762,35.69415742857142],[139.7601645714286,35.69391028571428],[139.76018095238095,35.69366314285714],[139.76019733333334,35.693416],[139.76021371428573,35.69316885714285],[139.7602300952381,35.69292171428571],[139.76024647619047,35.69267457142857],[139.76026285714286,35.69242742857143],[139.76027923809525,35.69218028571428],[139.7602956190476,35.69193314285714],[139.760312,35.691686],[139.76041746153845,35.69167423076923],[139.76066315384614,35.691672076923076],[139.76090884615385,35.69166961538461],[139.76115453846154,35.69166684615384],[139.76140023076923,35.691664076923075],[139.7616459230769,35.69166130769231],[139.76189161538463,35.69165853846154],[139.7621373076923,35.69165576923077],[139.762383,35.691653],[139.7626286923077,35.69165023076923],[139.76299723076923,35.69164607692308],[139.763227,35.691686],[139.76348861538463,35.691640538461535],[139.76373430769232,35.691637769230766],[139.76398,35.691635],[139.76422576923076,35.691631538461536],[139.76447153846155,35.691628076923074],[139.7647173076923,35.69162461538461],[139.7649630769231,35.69162115384615],[139.76520884615385,35.69161769230769],[139.7654546153846,35.691614230769225],[139.7657003846154,35.69161076923077],[139.76594615384616,35.69160730769231],[139.76619192307692,35.691603846153846],[139.7664376923077,35.691600384615384],[139.76668346153846,35.69159692307692],[139.76692923076925,35.69159346153846],[139.76726552380953,35.69143895238095],[139.767268,35.691686],[139.76727285714287,35.69193314285714],[139.7672777142857,35.69218028571428],[139.76728257142858,35.69242742857143],[139.76728742857142,35.69267457142857],[139.7672922857143,35.69292171428571],[139.76729714285713,35.69316885714285],[139.767302,35.693416],[139.76730685714284,35.69366314285714],[139.7673117142857,35.69391028571428],[139.76731657142855,35.69415742857142],[139.76732247619046,35.69440457142857],[139.76732942857143,35.69465171428571],[139.76733638095237,35.69489885714285],[139.76734333333332,35.695146],[139.7673502857143,35.69539314285714],[139.76735723809523,35.69564028571428],[139.76736419047617,35.69588742857143],[139.76737114285714,35.69613457142857],[139.7673780952381,35.696381714285714],[139.76738504761906,35.69662885714286],[139.767392,35.696876],[139.7674052857143,35.69724657142857],[139.767175,35.697193],[139.76692923076925,35.69718846153846],[139.76668346153846,35.69718392307692],[139.7664376923077,35.69717938461538],[139.76619192307692,35.69717484615384],[139.76594615384616,35.6971703076923],[139.7657003846154,35.697165769230764],[139.7654546153846,35.69716123076923],[139.76520884615385,35.69715669230769],[139.7649630769231,35.697152153846154],[139.7647173076923,35.697147615384615],[139.76447153846155,35.697143076923076],[139.76422576923076,35.69713853846154],[139.76398,35.697134],[139.76373430769232,35.69712992307692],[139.76348861538463,35.697125846153845],[139.76324292307692,35.69712176923077],[139.763111,35.696876],[139.76311585714288,35.69662885714286],[139.76312071428572,35.696381714285714],[139.76312314285715,35.69625814285715],[139.7631255714286,35.69613457142857],[139.76313042857143,35.69588742857143],[139.7631352857143,35.69564028571428],[139.76314014285714,35.69539314285714],[139.763145,35.695146],[139.76314985714285,35.69489885714285],[139.76315471428572,35.69465171428571],[139.76315957142856,35.69440457142857],[139.7631650952381,35.69415742857142],[139.76299723076923,35.69425976923077],[139.7626286923077,35.69425780769231],[139.762383,35.6942565],[139.7621373076923,35.69425519230769],[139.76189161538463,35.694253884615385],[139.7616459230769,35.69425257692308],[139.76140023076923,35.69425126923077],[139.76115453846154,35.69424996153846],[139.76090884615385,35.69424865384615],[139.76066315384614,35.69424688461539],[139.76041746153845,35.694244653846155],[139.7601481904762,35.69415742857142],[139.75992607692308,35.694240192307696],[139.75968038461536,35.69423796153846],[139.75943469230768,35.69423573076923],[139.759189,35.694233499999996],[139.7589433076923,35.69423126923077],[139.75869761538462,35.694229038461536],[139.7584519230769,35.6942268076923],[139.75820623076922,35.69422457692308],[139.75796053846153,35.69422234615384],[139.75771484615385,35.69422011538461],[139.7574691153846,35.694217384615385],[139.75722334615384,35.694214153846154],[139.75697757692308,35.69421092307692],[139.7567318076923,35.69420769230769],[139.75637842857142,35.69415742857142],[139.75624026923077,35.69420123076923],[139.75599449999999,35.694198],[139.75562584615386,35.69419315384616],[139.75566333333333,35.693960733333334],[139.75542083333335,35.693678633333334],[139.75517833333333,35.693396533333335],[139.75501666666668,35.69320846666667],[139.75493583333335,35.693114433333335],[139.75477416666666,35.69292636666667],[139.75469333333334,35.692832333333335],[139.75453166666668,35.69264426666667],[139.75445083333332,35.692550233333336],[139.75437,35.6924562],[139.7541275,35.6921741],[139.753885,35.691892],[139.75365992307692,35.69171761538462],[139.753644,35.6916116],[139.75348333333332,35.69142466666667],[139.753403,35.6913312],[139.75324233333333,35.69114426666667],[139.753162,35.6910508],[139.75308166666667,35.69095733333334],[139.752921,35.6907704],[139.75284066666666,35.690676933333336],[139.752628,35.69045076190476],[139.752632,35.690203714285715],[139.752636,35.68995666666667],[139.75263999999999,35.68970961904762],[139.752644,35.68946257142857],[139.752648,35.68921552380952],[139.75265266666665,35.68896842857143],[139.752658,35.68872128571429],[139.75266333333332,35.688474142857146],[139.75266866666666,35.688227000000005],[139.75267399999998,35.68797985714286],[139.75267933333333,35.687732714285715],[139.75268466666665,35.687485571428574],[139.75269,35.68723842857143],[139.75269533333332,35.686991285714285],[139.75270066666667,35.686744142857144],[139.752706,35.686497],[139.7527154285714,35.686126428571434],[139.7527217142857,35.685879380952386],[139.752728,35.68563233333334],[139.75273428571427,35.68538528571429],[139.75274057142857,35.68513823809524]]}},{"type":"Feature","properties":{"index":15,"distanceMetres":6802},"geometry":{"type":"LineString","coordinates":[[139.75274057142857,35.68513823809524],[139.75273428571427,35.68538528571429],[139.752728,35.68563233333334],[139.7527217142857,35.685879380952386],[139.7527154285714,35.686126428571434],[139.752706,35.686497],[139.75270066666667,35.686744142857144],[139.75269533333332,35.686991285714285],[139.75269,35.68723842857143],[139.75268466666665,35.687485571428574],[139.75267933333333,35.687732714285715],[139.75267399999998,35.68797985714286],[139.75266866666666,35.688227000000005],[139.75266333333332,35.688474142857146],[139.752658,35.68872128571429],[139.75265266666665,35.68896842857143],[139.752648,35.68921552380952],[139.752644,35.68946257142857],[139.75263999999999,35.68970961904762],[139.752636,35.68995666666667],[139.752632,35.690203714285715],[139.752628,35.69045076190476],[139.75259966666667,35.690396533333335],[139.752439,35.6902096],[139.752198,35.6899292],[139.751957,35.6896488],[139.75187666666667,35.68955533333333],[139.75179633333335,35.68946186666667],[139.75163566666666,35.68927493333333],[139.75155533333333,35.68918146666667],[139.7513949,35.68899506666666],[139.7513148,35.68890213333333],[139.7511546,35.68871626666667],[139.7509143,35.68843746666666],[139.750674,35.688158666666666],[139.7504337,35.68787986666667],[139.7502735,35.687694],[139.7502199230769,35.68753415384615],[139.7504656923077,35.68754061538461],[139.75071146153846,35.687547076923074],[139.75095723076925,35.687553538461536],[139.751203,35.68756],[139.7514486923077,35.68756838461538],[139.75169438461538,35.687576769230766],[139.7519400769231,35.68758515384615],[139.75218576923078,35.687593538461535],[139.75243146153846,35.68760192307692],[139.75268466666665,35.687485571428574],[139.75292284615387,35.687618692307694],[139.75316853846155,35.68762707692308],[139.75341423076924,35.68763546153846],[139.75365992307692,35.68764384615385],[139.75390561538464,35.68765223076923],[139.75415130769233,35.687660615384615],[139.754397,35.687669],[139.75464276923077,35.68767853846154],[139.75488853846156,35.687688076923074],[139.75513430769232,35.687697615384614],[139.75538007692307,35.687707153846155],[139.75562584615386,35.68771669230769],[139.75599449999999,35.687731],[139.75623933333333,35.687732714285715],[139.75648603846153,35.68775007692307],[139.7567318076923,35.687759615384614],[139.75697757692308,35.687769153846155],[139.75722334615384,35.68777869230769],[139.7574691153846,35.68778823076923],[139.75771484615385,35.68779807692307],[139.75796053846153,35.68780823076923],[139.75820623076922,35.68781838461538],[139.7584519230769,35.68782853846154],[139.75869761538462,35.68783869230769],[139.7589433076923,35.68784884615385],[139.759189,35.687859],[139.75943469230768,35.68786915384615],[139.75968038461536,35.687879307692306],[139.75992607692308,35.68788946153846],[139.76017176923077,35.687899615384616],[139.76052657142858,35.68797985714286],[139.76053914285714,35.687732714285715],[139.76055171428573,35.687485571428574],[139.76056428571428,35.68723842857143],[139.76057685714287,35.686991285714285],[139.76058942857142,35.686744142857144],[139.760602,35.686497],[139.7606155714286,35.686126428571434],[139.76062461904763,35.685879380952386],[139.76063366666668,35.68563233333334],[139.76064271428572,35.68538528571429],[139.76065176190477,35.68513823809524],[139.76070642857144,35.684890714285714],[139.76066985714286,35.684644142857145],[139.76090884615385,35.68468038461538],[139.76115453846154,35.684679153846155],[139.76140023076923,35.68467792307692],[139.7616459230769,35.68467669230769],[139.762076,35.684872999999996],[139.761962,35.684875],[139.76173371428573,35.68487785714286],[139.7613912857143,35.68488214285714],[139.761163,35.684885],[139.76093471428572,35.684887857142854],[139.76070642857144,35.684890714285714],[139.76047814285715,35.68489357142857],[139.76013600000002,35.684898714285715],[139.759908,35.68490242857143],[139.75968,35.684906142857145],[139.75945185714286,35.68491014285714],[139.75922357142858,35.684914428571425],[139.75888114285715,35.684920857142856],[139.758653,35.68492514285714],[139.75842500000002,35.68492942857143],[139.758197,35.68493371428571],[139.757969,35.684938],[139.75762657142857,35.684944],[139.7573982857143,35.684948000000006],[139.75717,35.684952],[139.756942,35.68495542857143],[139.756714,35.68495885714286],[139.756486,35.684962285714285],[139.7561437142857,35.684966],[139.7562252857143,35.684644142857145],[139.7562251904762,35.6843970952381],[139.7562250952381,35.68415004761905],[139.756225,35.683903],[139.75622747619047,35.68365585714286],[139.75622995238095,35.68340871428572],[139.75623242857142,35.68316157142857],[139.7562349047619,35.68291442857143],[139.75623738095237,35.68266728571429],[139.75623985714284,35.68242014285715],[139.75624233333332,35.682173],[139.7562448095238,35.68192585714286],[139.75624728571427,35.68167871428572],[139.75624976190474,35.681431571428575],[139.75625342857143,35.68118447619048],[139.75625828571427,35.68093742857143],[139.75626314285714,35.680690380952385],[139.756268,35.680443333333336],[139.75627285714285,35.68019628571429],[139.75627771428572,35.67994923809524],[139.75628257142859,35.67970219047619],[139.75638248387096,35.67970670967742],[139.75659912903225,35.67958632258064],[139.7567074516129,35.679526129032254],[139.75692409677418,35.67940574193548],[139.75703241935483,35.6793455483871],[139.7571407419355,35.679285354838704],[139.7574691153846,35.679035730769236],[139.75771484615385,35.67903661538462],[139.75796053846153,35.67903784615385],[139.75820623076922,35.67903907692308],[139.7584519230769,35.67904030769231],[139.75869761538462,35.67904153846154],[139.7589433076923,35.67904276923077],[139.759189,35.679044000000005],[139.75943469230768,35.67904523076923],[139.75968038461536,35.67904646153846],[139.75992607692308,35.67904769230769],[139.76017176923077,35.67904892307692],[139.76041746153845,35.679050153846156],[139.7607479047619,35.67896104761905],[139.76074780952382,35.679208095238096],[139.7607477142857,35.679455142857144],[139.76074761904763,35.67970219047619],[139.76074752380953,35.67994923809524],[139.76074742857145,35.68019628571429],[139.76074733333334,35.680443333333336],[139.76074723809523,35.680690380952385],[139.76074714285716,35.68093742857143],[139.76074704761905,35.68118447619048],[139.7607446190476,35.681431571428575],[139.76073985714285,35.68167871428572],[139.7607350952381,35.68192585714286],[139.76073033333333,35.682173],[139.76072557142857,35.68242014285715],[139.7607208095238,35.68266728571429],[139.76090884615385,35.68269292307693],[139.76115453846154,35.68268876923077],[139.76140023076923,35.682684615384616],[139.7616459230769,35.68268046153846],[139.76189161538463,35.68267630769231],[139.7621373076923,35.682672153846156],[139.762383,35.682668],[139.7626286923077,35.682663846153844],[139.76299723076923,35.68265761538461],[139.76324292307692,35.68265346153846],[139.76353219047618,35.68266728571429],[139.76354142857144,35.68242014285715],[139.76355066666667,35.682173],[139.7635599047619,35.68192585714286],[139.76356914285716,35.68167871428572],[139.7635783809524,35.681431571428575],[139.76358766666667,35.68118447619048],[139.763597,35.68093742857143],[139.76360633333334,35.680690380952385],[139.76361566666668,35.680443333333336],[139.76362033333334,35.68031980952381],[139.763625,35.68019628571429],[139.76363433333333,35.67994923809524],[139.76364366666667,35.67970219047619],[139.763653,35.679455142857144],[139.76366233333331,35.679208095238096],[139.76367166666665,35.67896104761905],[139.763681,35.678714],[139.76369004761904,35.67846685714286],[139.76369909523808,35.67821971428572],[139.76370814285713,35.67797257142857],[139.7637171904762,35.67772542857143],[139.76370814285713,35.67797257142857],[139.76369909523808,35.67821971428572],[139.76369004761904,35.67846685714286],[139.763681,35.678714],[139.76367166666665,35.67896104761905],[139.76348861538463,35.679073153846154],[139.76324292307692,35.67907123076923],[139.76299723076923,35.67906930769231],[139.7626286923077,35.679066423076925],[139.762383,35.679064499999996],[139.7621373076923,35.67906257692307],[139.76189161538463,35.67906065384615],[139.7616459230769,35.67905873076923],[139.76140023076923,35.679056807692305],[139.76115453846154,35.67905488461538],[139.76090884615385,35.67905296153846],[139.7607479047619,35.67896104761905],[139.76041746153845,35.679050153846156],[139.76017176923077,35.67904892307692],[139.75992607692308,35.67904769230769],[139.75968038461536,35.67904646153846],[139.75943469230768,35.67904523076923],[139.759189,35.679044000000005],[139.7589433076923,35.67904276923077],[139.75869761538462,35.67904153846154],[139.7584519230769,35.67904030769231],[139.75820623076922,35.67903907692308],[139.75796053846153,35.67903784615385],[139.75771484615385,35.67903661538462],[139.7574691153846,35.679035730769236],[139.7571407419355,35.679285354838704],[139.75703241935483,35.6793455483871],[139.75692409677418,35.67940574193548],[139.7567074516129,35.679526129032254],[139.75659912903225,35.67958632258064],[139.75638248387096,35.67970670967742],[139.75628257142859,35.67970219047619],[139.7559491935484,35.67994748387096],[139.7557325483871,35.68006787096774],[139.75540758064517,35.6802484516129],[139.75519093548385,35.680368838709676],[139.75497429032256,35.68048922580645],[139.75475764516128,35.680609612903226],[139.75464932258063,35.68066980645161],[139.75443267741935,35.68079064516129],[139.7543243548387,35.68085129032258],[139.75421603225806,35.68091193548387],[139.75389106451613,35.681093870967736],[139.75367441935484,35.68121516129032],[139.75345777419355,35.6813364516129],[139.75313280645162,35.68151838709677],[139.75302448387097,35.681579032258064],[139.75291616129033,35.681639677419355],[139.75283714285715,35.68167871428572],[139.7528299047619,35.68192585714286],[139.75282266666667,35.682173],[139.75281542857144,35.68242014285715],[139.75280819047617,35.68266728571429],[139.75280095238094,35.68291442857143],[139.7527937142857,35.68316157142857],[139.75278647619047,35.68340871428572],[139.75277923809523,35.68365585714286],[139.752772,35.683903],[139.75276571428572,35.68415004761905],[139.7527594285714,35.6843970952381],[139.75275314285713,35.684644142857145],[139.75272099999998,35.68494057142858],[139.75274057142857,35.68513823809524]]}},{"type":"Feature","properties":{"index":16,"distanceMetres":6934},"geometry":{"type":"LineString","coordinates":[[139.75274057142857,35.68513823809524],[139.75273428571427,35.68538528571429],[139.752728,35.68563233333334],[139.7527217142857,35.685879380952386],[139.7527154285714,35.686126428571434],[139.752706,35.686497],[139.75270066666667,35.686744142857144],[139.75269533333332,35.686991285714285],[139.75269,35.68723842857143],[139.75268466666665,35.687485571428574],[139.75292284615387,35.687618692307694],[139.75316853846155,35.68762707692308],[139.75341423076924,35.68763546153846],[139.75365992307692,35.68764384615385],[139.75390561538464,35.68765223076923],[139.75415130769233,35.687660615384615],[139.754397,35.687669],[139.75464276923077,35.68767853846154],[139.75488853846156,35.687688076923074],[139.75513430769232,35.687697615384614],[139.75538007692307,35.687707153846155],[139.75562584615386,35.68771669230769],[139.75599449999999,35.687731],[139.75623933333333,35.687732714285715],[139.75623666666667,35.687485571428574],[139.756234,35.68723842857143],[139.75623133333335,35.686991285714285],[139.75622866666666,35.686744142857144],[139.756226,35.686497],[139.75622585714285,35.686126428571434],[139.75622576190477,35.685879380952386],[139.75622566666667,35.68563233333334],[139.75622557142856,35.68538528571429],[139.75622547619048,35.68513823809524],[139.7561437142857,35.684966],[139.75591542857143,35.684968],[139.75568714285714,35.68497],[139.75545885714286,35.684971142857144],[139.75523057142857,35.68497142857143],[139.75488814285714,35.684971857142855],[139.75466,35.68497128571429],[139.754432,35.68496985714286],[139.754204,35.68496842857143],[139.753976,35.684967],[139.75363357142857,35.684960571428576],[139.75340528571428,35.684956285714286],[139.753177,35.684952],[139.752949,35.68494628571429],[139.75272099999998,35.68494057142858],[139.75274057142857,35.68513823809524],[139.75273428571427,35.68538528571429],[139.752728,35.68563233333334],[139.7527217142857,35.685879380952386],[139.7527154285714,35.686126428571434],[139.752706,35.686497],[139.75270066666667,35.686744142857144],[139.75269533333332,35.686991285714285],[139.75269,35.68723842857143],[139.75268466666665,35.687485571428574],[139.75267933333333,35.687732714285715],[139.75267399999998,35.68797985714286],[139.75266866666666,35.688227000000005],[139.75266333333332,35.688474142857146],[139.752658,35.68872128571429],[139.75265266666665,35.68896842857143],[139.752648,35.68921552380952],[139.752644,35.68946257142857],[139.75263999999999,35.68970961904762],[139.752636,35.68995666666667],[139.752632,35.690203714285715],[139.752628,35.69045076190476],[139.75284066666666,35.690676933333336],[139.752921,35.6907704],[139.75308166666667,35.69095733333334],[139.753162,35.6910508],[139.75324233333333,35.69114426666667],[139.753403,35.6913312],[139.75348333333332,35.69142466666667],[139.753644,35.6916116],[139.75365992307692,35.69171761538462],[139.753885,35.691892],[139.7541275,35.6921741],[139.75437,35.6924562],[139.75445083333332,35.692550233333336],[139.75453166666668,35.69264426666667],[139.75469333333334,35.692832333333335],[139.75477416666666,35.69292636666667],[139.75493583333335,35.693114433333335],[139.75501666666668,35.69320846666667],[139.75517833333333,35.693396533333335],[139.75542083333335,35.693678633333334],[139.75566333333333,35.693960733333334],[139.75562584615386,35.69419315384616],[139.75538007692307,35.69418992307693],[139.75513430769232,35.694186692307696],[139.75488853846156,35.694183461538465],[139.75464276923077,35.694180230769234],[139.754397,35.694177],[139.75415130769233,35.69417284615385],[139.75390561538464,35.69416869230769],[139.75365992307692,35.69416453846154],[139.75341423076924,35.69416038461539],[139.75316853846155,35.69415623076923],[139.75292284615387,35.694152076923075],[139.75267715384615,35.694147923076926],[139.75258133333332,35.69415742857142],[139.75258399999998,35.69391028571428],[139.75258666666667,35.69366314285714],[139.75258933333333,35.693416],[139.7522968,35.6935082],[139.7520764,35.6935626],[139.751856,35.693617],[139.7517458,35.6936442],[139.7515254,35.6936986],[139.751305,35.693753],[139.7510716,35.693750800000004],[139.7508382,35.6937486],[139.7506048,35.6937464],[139.7503714,35.6937442],[139.750027,35.6937153],[139.749805,35.6936619],[139.749583,35.693608499999996],[139.749361,35.6935551],[139.749028,35.693475],[139.74887266666667,35.693416],[139.74887461904763,35.693292428571425],[139.74887657142858,35.69316885714285],[139.74888047619046,35.69292171428571],[139.74888438095238,35.69267457142857],[139.7488882857143,35.69242742857143],[139.7488921904762,35.69218028571428],[139.74889609523808,35.69193314285714],[139.7489,35.691686],[139.7487453076923,35.691719923076924],[139.74837665384615,35.69171946153846],[139.7481308846154,35.69171915384615],[139.74788515384614,35.69171842307692],[139.74763946153845,35.69171726923077],[139.74739376923077,35.691716115384615],[139.74714807692308,35.69171496153846],[139.74690238461537,35.69171380769231],[139.74665669230768,35.69171265384615],[139.746411,35.6917115],[139.7461653076923,35.69171034615385],[139.746031,35.691686],[139.7460386190476,35.69143895238095],[139.74604623809523,35.6911919047619],[139.74605385714284,35.69094485714285],[139.74606147619048,35.69069780952381],[139.74606909523808,35.69045076190476],[139.74607671428572,35.690203714285715],[139.74608433333333,35.68995666666667],[139.74609195238097,35.68970961904762],[139.74609957142857,35.68946257142857],[139.7461071904762,35.68921552380952],[139.74611366666667,35.68896842857143],[139.74611900000002,35.68872128571429],[139.74612433333334,35.688474142857146],[139.7461296666667,35.688227000000005],[139.746135,35.68797985714286],[139.74614033333336,35.687732714285715],[139.74614566666668,35.687485571428574],[139.74615100000003,35.68723842857143],[139.74615633333335,35.686991285714285],[139.7461616666667,35.686744142857144],[139.746167,35.686497],[139.74617171428574,35.686126428571434],[139.74617485714288,35.685879380952386],[139.74617800000001,35.68563233333334],[139.74618114285715,35.68538528571429],[139.7461842857143,35.68513823809524],[139.74644346875,35.685274687500005],[139.74665478125002,35.6851558125],[139.74665669230768,35.68500830769231],[139.746411,35.685016000000005],[139.74618742857143,35.68489119047619],[139.74591961538462,35.685031384615385],[139.7456739230769,35.685039076923076],[139.74542823076922,35.685046769230766],[139.74518253846153,35.68505446153846],[139.74493684615385,35.685062153846154],[139.74469115384613,35.685069769230765],[139.74444546153845,35.68507730769231],[139.74419976923076,35.68508484615384],[139.74395407692307,35.68509238461539],[139.7437083846154,35.68509992307692],[139.7434626923077,35.685107461538465],[139.7436975,35.684838625],[139.743948,35.68459825],[139.74416471428572,35.684382428571425],[139.74393642857143,35.68435385714286],[139.74370814285714,35.68432528571429],[139.74347985714286,35.68429557142857],[139.74313742857143,35.68424928571429],[139.74290914285714,35.68421842857143],[139.742681,35.68418628571428],[139.742453,35.684152857142855],[139.742339,35.68413614285714],[139.742225,35.68411942857143],[139.74188285714285,35.684068],[139.74165457142857,35.684032],[139.7417127142857,35.68365585714286],[139.74170642857143,35.68340871428572],[139.74170014285713,35.68316157142857],[139.74169385714285,35.68291442857143],[139.74168757142857,35.68266728571429],[139.7416812857143,35.68242014285715],[139.74167500000001,35.682173],[139.7416687142857,35.68192585714286],[139.74166242857143,35.68167871428572],[139.74165614285715,35.681431571428575],[139.7416500952381,35.68118447619048],[139.7416442857143,35.68093742857143],[139.74163847619047,35.680690380952385],[139.74163266666667,35.680443333333336],[139.74162685714288,35.68019628571429],[139.74162104761905,35.67994923809524],[139.74161523809525,35.67970219047619],[139.74160942857142,35.679455142857144],[139.74160361904762,35.679208095238096],[139.7415978095238,35.67896104761905],[139.74174284615387,35.679088923076925],[139.74198853846156,35.67908676923077],[139.74223423076924,35.67908461538462],[139.74247992307693,35.679082461538464],[139.74272561538461,35.67908030769231],[139.74288326666667,35.6792061],[139.743045,35.6793895],[139.74312586666667,35.6794812],[139.7432876,35.6796646],[139.74344933333333,35.679848],[139.7435302,35.6799397],[139.74369193333334,35.6801231],[139.7437728,35.6802148],[139.74393453333334,35.6803982],[139.74417713333332,35.6806733],[139.74441873333333,35.68094906666667],[139.74457946666666,35.68113313333333],[139.74465983333334,35.681225166666664],[139.74482056666668,35.68140923333333],[139.74490093333333,35.681501266666665],[139.74506166666666,35.681685333333334],[139.74514203333334,35.681777366666665],[139.74530276666667,35.681961433333335],[139.74538313333332,35.682053466666666],[139.7454635,35.682145500000004],[139.7457046,35.6824216],[139.74591961538462,35.68276223076923],[139.74620285714286,35.68266728571429],[139.74620228571428,35.68291442857143],[139.74620171428572,35.68316157142857],[139.74620114285713,35.68340871428572],[139.74620057142857,35.68365585714286],[139.7462,35.683903],[139.74619685714285,35.68415004761905],[139.746218,35.684606571428574],[139.74644600000002,35.684627142857146],[139.746674,35.68464771428572],[139.74690214285715,35.68466671428571],[139.74713042857144,35.684684142857144],[139.74747285714287,35.68471028571429],[139.74770114285715,35.68472642857143],[139.74792942857144,35.68474128571429],[139.74815771428572,35.68475614285714],[139.748386,35.684771],[139.748728,35.68478985714285],[139.74895600000002,35.68480242857143],[139.749184,35.684815],[139.7494122857143,35.68482557142857],[139.74964057142856,35.684836142857144],[139.749983,35.684852],[139.75021099999998,35.68486085714286],[139.750439,35.68486971428571],[139.750667,35.68487857142857],[139.75089514285713,35.68488685714286],[139.75123757142856,35.68489842857143],[139.75146585714285,35.684906142857145],[139.75169414285713,35.68491314285715],[139.75192242857142,35.68491942857143],[139.7521507142857,35.68492571428572],[139.752379,35.684932],[139.75272099999998,35.68494057142858],[139.75274057142857,35.68513823809524]]}},{"type":"Feature","properties":{"index":17,"distanceMetres":7100},"geometry":{"type":"LineString","coordinates":[[139.75274057142857,35.68513823809524],[139.75272099999998,35.68494057142858],[139.752379,35.684932],[139.7521507142857,35.68492571428572],[139.75192242857142,35.68491942857143],[139.75169414285713,35.68491314285715],[139.75146585714285,35.684906142857145],[139.75123757142856,35.68489842857143],[139.75089514285713,35.68488685714286],[139.750667,35.68487857142857],[139.7504656923077,35.68489292307692],[139.7502199230769,35.68490023076923],[139.74997415384615,35.68490753846154],[139.7497283846154,35.684914846153845],[139.7494826153846,35.68492215384616],[139.74923684615385,35.68492946153847],[139.7491048095238,35.68489119047619],[139.7487453076923,35.68494407692308],[139.74837665384615,35.68495503846154],[139.7481308846154,35.684962346153846],[139.74788515384614,35.68496984615385],[139.7481108,35.6851904],[139.7481909,35.68528286666667],[139.74827100000002,35.68537533333333],[139.7484312,35.68556026666667],[139.74851130000002,35.685652733333335],[139.7486715,35.68583766666667],[139.74875160000002,35.685930133333336],[139.74906861904762,35.685879380952386],[139.74907766666666,35.68563233333334],[139.7490867142857,35.68538528571429],[139.74909576190475,35.68513823809524],[139.7491048095238,35.68489119047619],[139.7487453076923,35.68494407692308],[139.74837665384615,35.68495503846154],[139.7481308846154,35.684962346153846],[139.74788515384614,35.68496984615385],[139.74763946153845,35.68497753846154],[139.74770114285715,35.68472642857143],[139.74792942857144,35.68474128571429],[139.74815771428572,35.68475614285714],[139.748386,35.684771],[139.748728,35.68478985714285],[139.74895600000002,35.68480242857143],[139.74912290476192,35.6843970952381],[139.74913195238096,35.68415004761905],[139.749141,35.683903],[139.74915061904764,35.68365585714286],[139.74944570967742,35.68358651612903],[139.74916023809524,35.68340871428572],[139.74916985714287,35.68316157142857],[139.74917947619048,35.68291442857143],[139.7491890952381,35.68266728571429],[139.7489910769231,35.68277492307693],[139.7487453076923,35.682774692307696],[139.74837665384615,35.68277434615385],[139.7481308846154,35.68277411538462],[139.74788515384614,35.68277330769231],[139.74763946153845,35.68277192307693],[139.74739376923077,35.68277053846154],[139.74714807692308,35.68276915384615],[139.74690238461537,35.68276776923077],[139.74665669230768,35.682766384615384],[139.746411,35.682765],[139.74620285714286,35.68266728571429],[139.74620228571428,35.68291442857143],[139.74610643333332,35.68288176666667],[139.74591961538462,35.68276223076923],[139.7457046,35.6824216],[139.7454635,35.682145500000004],[139.74538313333332,35.682053466666666],[139.74530276666667,35.681961433333335],[139.74514203333334,35.681777366666665],[139.74506166666666,35.681685333333334],[139.74490093333333,35.681501266666665],[139.74482056666668,35.68140923333333],[139.74465983333334,35.681225166666664],[139.74457946666666,35.68113313333333],[139.74441873333333,35.68094906666667],[139.74417713333332,35.6806733],[139.74393453333334,35.6803982],[139.7437728,35.6802148],[139.74369193333334,35.6801231],[139.7435302,35.6799397],[139.74344933333333,35.679848],[139.7432876,35.6796646],[139.74312586666667,35.6794812],[139.743045,35.6793895],[139.74288326666667,35.6792061],[139.74272561538461,35.67908030769231],[139.7429713076923,35.679078153846156],[139.74321700000002,35.679076],[139.7434626923077,35.67907384615385],[139.7437083846154,35.679071692307694],[139.74395407692307,35.67906953846154],[139.74419976923076,35.67906738461539],[139.74444546153845,35.67906523076923],[139.74469115384613,35.67906307692308],[139.74493684615385,35.679061230769236],[139.74518253846153,35.679059692307696],[139.74542823076922,35.67905815384616],[139.7456739230769,35.67905661538462],[139.74591961538462,35.67905507692308],[139.746187,35.67896104761905],[139.746185,35.678714],[139.7461807142857,35.67846685714286],[139.74617642857143,35.67821971428572],[139.74617214285715,35.67797257142857],[139.74616785714286,35.67772542857143],[139.74616357142858,35.67747828571429],[139.74615928571427,35.677231142857146],[139.746155,35.676984],[139.7461507142857,35.676736857142856],[139.74614642857142,35.676489714285715],[139.74614214285714,35.676242571428574],[139.74613666666667,35.675995428571426],[139.74613,35.675748285714285],[139.74591961538462,35.675629115384616],[139.7456739230769,35.67562842307692],[139.74542823076922,35.67562773076923],[139.74518253846153,35.67562703846154],[139.74493684615385,35.67562634615385],[139.74469115384613,35.67562653846154],[139.74444546153845,35.67562761538461],[139.74419976923076,35.6756286923077],[139.74395407692307,35.67562976923077],[139.7437083846154,35.67563084615385],[139.7434626923077,35.67563192307692],[139.74321700000002,35.675633000000005],[139.7429713076923,35.675634076923075],[139.74272561538461,35.67563515384616],[139.74247992307693,35.67563623076923],[139.74223423076924,35.67563730769231],[139.74198853846156,35.67563838461538],[139.74174284615387,35.675639461538466],[139.74153257142856,35.675748285714285],[139.74152614285714,35.67537757142857],[139.74152185714286,35.67513042857143],[139.74151757142857,35.67488328571429],[139.74151328571426,35.674636142857146],[139.74150899999998,35.674389],[139.7415047142857,35.67414185714286],[139.7415004285714,35.673894714285716],[139.74149614285713,35.673647571428575],[139.74149233333333,35.67340047619048],[139.741489,35.67315342857143],[139.74174284615387,35.67335938461538],[139.74198853846156,35.67335615384616],[139.74223423076924,35.67335292307692],[139.74247992307693,35.673349692307696],[139.74272561538461,35.67334646153846],[139.7429713076923,35.673343230769234],[139.74321700000002,35.673339999999996],[139.7434626923077,35.67333676923077],[139.7437083846154,35.673333538461534],[139.74395407692307,35.67333030769231],[139.74419976923076,35.67332707692307],[139.74444546153845,35.67332384615385],[139.74469115384613,35.67332061538461],[139.74493684615385,35.67331703846154],[139.74518253846153,35.673313115384616],[139.74542823076922,35.67330919230769],[139.7456739230769,35.67330526923077],[139.74605714285715,35.67315342857143],[139.7461653076923,35.673297423076924],[139.746411,35.6732935],[139.74665669230768,35.673289576923075],[139.74690238461537,35.67328565384615],[139.74714807692308,35.67328173076923],[139.74739376923077,35.67327780769231],[139.74763946153845,35.673273884615384],[139.74788515384614,35.67326996153846],[139.7481308846154,35.673265846153846],[139.74837665384615,35.67326153846154],[139.7487453076923,35.67325507692308],[139.7489910769231,35.67325076923077],[139.74923684615385,35.67324646153846],[139.7495182857143,35.67315342857143],[139.7495238095238,35.672906380952384],[139.74952933333333,35.672659333333335],[139.74953485714286,35.67241228571429],[139.74954038095237,35.67216523809524],[139.7495459047619,35.67191819047619],[139.74955142857144,35.67167114285714],[139.74955695238097,35.671424095238095],[139.74956247619048,35.67117704761905],[139.749568,35.67093],[139.74957114285715,35.67068285714286],[139.74923684615385,35.67063284615384],[139.7489910769231,35.67062807692307],[139.7488681923077,35.67062569230769],[139.7487453076923,35.67062330769231],[139.74837665384615,35.670616153846154],[139.7481308846154,35.670611384615384],[139.74788515384614,35.67060576923077],[139.74763946153845,35.67059930769231],[139.74739376923077,35.670592846153845],[139.74714807692308,35.67058638461538],[139.74690238461537,35.67057992307692],[139.74665669230768,35.67057346153846],[139.746411,35.670567],[139.7461653076923,35.67056053846154],[139.74595961904762,35.670435714285716],[139.7456739230769,35.67054761538461],[139.74595961904762,35.670435714285716],[139.7459698095238,35.67068285714286],[139.74598,35.67093],[139.74598857142857,35.67117704761905],[139.74599714285714,35.671424095238095],[139.74600571428573,35.67167114285714],[139.7460142857143,35.67191819047619],[139.74602285714286,35.67216523809524],[139.74603142857143,35.67241228571429],[139.74604,35.672659333333335],[139.7460485714286,35.672906380952384],[139.74605714285715,35.67315342857143],[139.74606571428572,35.67340047619048],[139.74607333333333,35.673647571428575],[139.74608,35.673894714285716],[139.74608666666666,35.67414185714286],[139.74609333333333,35.674389],[139.7461,35.674636142857146],[139.74610666666666,35.67488328571429],[139.74611333333334,35.67513042857143],[139.74612,35.67537757142857],[139.74612666666667,35.67562471428572],[139.74613,35.675748285714285],[139.74613666666667,35.675995428571426],[139.74614214285714,35.676242571428574],[139.74614642857142,35.676489714285715],[139.7461507142857,35.676736857142856],[139.746155,35.676984],[139.74615928571427,35.677231142857146],[139.74616357142858,35.67747828571429],[139.74616785714286,35.67772542857143],[139.74617214285715,35.67797257142857],[139.74617642857143,35.67821971428572],[139.7461807142857,35.67846685714286],[139.746185,35.678714],[139.746187,35.67896104761905],[139.746189,35.679208095238096],[139.746191,35.679455142857144],[139.746193,35.67970219047619],[139.746195,35.67994923809524],[139.746197,35.68019628571429],[139.746199,35.680443333333336],[139.746201,35.680690380952385],[139.746203,35.68093742857143],[139.746205,35.68118447619048],[139.7462057142857,35.681431571428575],[139.74620514285715,35.68167871428572],[139.74620457142856,35.68192585714286],[139.746204,35.682173],[139.74620342857142,35.68242014285715],[139.74620285714286,35.68266728571429],[139.74620228571428,35.68291442857143],[139.74620171428572,35.68316157142857],[139.74620114285713,35.68340871428572],[139.74620057142857,35.68365585714286],[139.7462,35.683903],[139.74619685714285,35.68415004761905],[139.746218,35.684606571428574],[139.74644600000002,35.684627142857146],[139.746674,35.68464771428572],[139.74690214285715,35.68466671428571],[139.74713042857144,35.684684142857144],[139.74747285714287,35.68471028571429],[139.74770114285715,35.68472642857143],[139.74792942857144,35.68474128571429],[139.74815771428572,35.68475614285714],[139.748386,35.684771],[139.748728,35.68478985714285],[139.74895600000002,35.68480242857143],[139.749184,35.684815],[139.7494122857143,35.68482557142857],[139.74964057142856,35.684836142857144],[139.749983,35.684852],[139.75021099999998,35.68486085714286],[139.750439,35.68486971428571],[139.750667,35.68487857142857],[139.75089514285713,35.68488685714286],[139.75123757142856,35.68489842857143],[139.75146585714285,35.684906142857145],[139.75169414285713,35.68491314285715],[139.75192242857142,35.68491942857143],[139.7521507142857,35.68492571428572],[139.752379,35.684932],[139.75272099999998,35.68494057142858],[139.75274057142857,35.68513823809524]]}},{"type":"Feature","properties":{"index":18,"distanceMetres":7122},"geometry":{"type":"LineString","coordinates":[[139.75274057142857,35.68513823809524],[139.75272099999998,35.68494057142858],[139.752379,35.684932],[139.7521507142857,35.68492571428572],[139.75192242857142,35.68491942857143],[139.75169414285713,35.68491314285715],[139.75146585714285,35.684906142857145],[139.75123757142856,35.68489842857143],[139.75089514285713,35.68488685714286],[139.7510801153846,35.68487465384616],[139.751203,35.684871],[139.7514486923077,35.68486461538462],[139.75169438461538,35.68485823076923],[139.7519400769231,35.68485184615385],[139.75218576923078,35.68484546153846],[139.75243146153846,35.684839076923076],[139.75275314285713,35.684644142857145],[139.7527594285714,35.6843970952381],[139.75276571428572,35.68415004761905],[139.752772,35.683903],[139.75277923809523,35.68365585714286],[139.75278647619047,35.68340871428572],[139.7527937142857,35.68316157142857],[139.7528858,35.683176800000005],[139.75322419999998,35.6831867],[139.7534562222222,35.68321766666667],[139.75369466666666,35.683273],[139.7539331111111,35.683328333333336],[139.75417155555556,35.683383666666664],[139.75441,35.683439],[139.754715,35.683593],[139.75481666666667,35.68364433333333],[139.75491833333334,35.683695666666665],[139.75522333333333,35.68384966666667],[139.755325,35.683901],[139.7554135,35.68397775],[139.7555905,35.68413125],[139.755679,35.684208],[139.7559445,35.68443825],[139.7562252857143,35.684644142857145],[139.7561437142857,35.684966],[139.75622547619048,35.68513823809524],[139.75622557142856,35.68538528571429],[139.75622566666667,35.68563233333334],[139.75622576190477,35.685879380952386],[139.75622585714285,35.686126428571434],[139.756226,35.686497],[139.75622866666666,35.686744142857144],[139.75623133333335,35.686991285714285],[139.756234,35.68723842857143],[139.75623666666667,35.687485571428574],[139.75623933333333,35.687732714285715],[139.75624200000001,35.68797985714286],[139.75624466666667,35.688227000000005],[139.75624733333333,35.688474142857146],[139.75625000000002,35.68872128571429],[139.75625266666668,35.68896842857143],[139.75625652380953,35.68921552380952],[139.75626157142858,35.68946257142857],[139.75626661904764,35.68970961904762],[139.75627166666666,35.68995666666667],[139.75627671428572,35.690203714285715],[139.75628176190477,35.69045076190476],[139.7562868095238,35.69069780952381],[139.75629185714286,35.69094485714285],[139.7562969047619,35.6911919047619],[139.75630195238094,35.69143895238095],[139.756307,35.691686],[139.75631414285715,35.69193314285714],[139.75632128571428,35.69218028571428],[139.75632842857144,35.69242742857143],[139.75633557142856,35.69267457142857],[139.75634271428572,35.69292171428571],[139.75634985714285,35.69316885714285],[139.756357,35.693416],[139.75636414285714,35.69366314285714],[139.7563712857143,35.69391028571428],[139.75637842857142,35.69415742857142],[139.7567318076923,35.69420769230769],[139.75697757692308,35.69421092307692],[139.75722334615384,35.694214153846154],[139.7574691153846,35.694217384615385],[139.75771484615385,35.69422011538461],[139.75796053846153,35.69422234615384],[139.75820623076922,35.69422457692308],[139.7584519230769,35.6942268076923],[139.75869761538462,35.694229038461536],[139.7589433076923,35.69423126923077],[139.759189,35.694233499999996],[139.75943469230768,35.69423573076923],[139.75968038461536,35.69423796153846],[139.75992607692308,35.694240192307696],[139.7601481904762,35.69415742857142],[139.7601318095238,35.69440457142857],[139.76012361904762,35.69452814285714],[139.76011542857142,35.69465171428571],[139.76009904761904,35.69489885714285],[139.76008266666668,35.695146],[139.7600662857143,35.69539314285714],[139.7600499047619,35.69564028571428],[139.7600335238095,35.69588742857143],[139.76001714285712,35.69613457142857],[139.76000076190476,35.696381714285714],[139.75998438095237,35.69662885714286],[139.759968,35.696876],[139.75968038461536,35.69706576923077],[139.75943469230768,35.697062384615386],[139.759189,35.697058999999996],[139.7589433076923,35.69705561538461],[139.75869761538462,35.69705223076923],[139.7584519230769,35.69704884615385],[139.75820623076922,35.697045461538465],[139.75842986666666,35.697172599999995],[139.75867446666666,35.6974564],[139.7588357096774,35.69764306451613],[139.75891541935485,35.69773512903225],[139.7590748387097,35.697919258064516],[139.7591545483871,35.69801132258064],[139.75931396774195,35.698195451612904],[139.75939367741935,35.69828751612903],[139.75947338709676,35.69837958064516],[139.75986957142857,35.69848180952381],[139.7598847142857,35.698234761904764],[139.75989985714284,35.697987714285716],[139.75991499999998,35.69774066666667],[139.75993014285714,35.69749361904762],[139.75994528571428,35.69724657142857],[139.759968,35.696876],[139.76017176923077,35.69707253846153],[139.76041746153845,35.69707592307692],[139.76066315384614,35.697079307692306],[139.76090884615385,35.697083038461535],[139.76115453846154,35.69708711538461],[139.76140023076923,35.69709119230769],[139.7616459230769,35.697095269230765],[139.76189161538463,35.69709934615384],[139.7621373076923,35.69710342307692],[139.762383,35.6971075],[139.7626286923077,35.69711157692308],[139.763111,35.696876],[139.76324292307692,35.69712176923077],[139.76348861538463,35.697125846153845],[139.76373430769232,35.69712992307692],[139.76398,35.697134],[139.76422576923076,35.69713853846154],[139.76447153846155,35.697143076923076],[139.7647173076923,35.697147615384615],[139.7649630769231,35.697152153846154],[139.76520884615385,35.69715669230769],[139.7654546153846,35.69716123076923],[139.7657003846154,35.697165769230764],[139.76594615384616,35.6971703076923],[139.76619192307692,35.69717484615384],[139.7664376923077,35.69717938461538],[139.76668346153846,35.69718392307692],[139.76692923076925,35.69718846153846],[139.767175,35.697193],[139.7674052857143,35.69724657142857],[139.76741414285715,35.69749361904762],[139.767423,35.69774066666667],[139.76743185714287,35.697987714285716],[139.7674407142857,35.698234761904764],[139.76744957142856,35.69848180952381],[139.76745842857142,35.698728857142854],[139.76746728571428,35.6989759047619],[139.76747614285713,35.69922295238095],[139.767485,35.69947],[139.7674952857143,35.69971714285714],[139.76750557142856,35.69996428571428],[139.767175,35.699971],[139.76692923076925,35.69996930769231],[139.76668346153846,35.699967615384615],[139.7664376923077,35.699965923076924],[139.76619192307692,35.699964230769226],[139.76594615384616,35.699962538461534],[139.7657003846154,35.69996084615384],[139.7654546153846,35.69995915384615],[139.76520884615385,35.69995746153846],[139.7649630769231,35.69995576923077],[139.7647173076923,35.69995407692307],[139.76447153846155,35.69995238461538],[139.76422576923076,35.69995069230769],[139.76398,35.699949],[139.76373430769232,35.69994776923077],[139.76348861538463,35.69994653846154],[139.76324292307692,35.6999453076923],[139.76307276190477,35.69996428571428],[139.76307114285714,35.70021142857143],[139.76306952380952,35.70045857142857],[139.7630679047619,35.70070571428571],[139.7630662857143,35.70095285714285],[139.76306466666668,35.7012],[139.76306304761906,35.70144714285714],[139.76306142857143,35.70169428571428],[139.7630598095238,35.70194142857142],[139.763059,35.70218852380952],[139.76275987096773,35.70216280645162],[139.76267919354837,35.70207029032258],[139.76251783870967,35.70188525806452],[139.7624371612903,35.701792741935485],[139.76235648387095,35.701700225806455],[139.76219512903225,35.70151519354839],[139.7621144516129,35.70142267741936],[139.7619530967742,35.70123764516129],[139.76187241935483,35.70114512903226],[139.7617110645161,35.700960096774196],[139.76163038709677,35.700867580645166],[139.76146903225805,35.7006825483871],[139.7613883548387,35.70059003225807],[139.761227,35.700405],[139.76114729032258,35.70031293548387],[139.76098787096774,35.700128806451616],[139.76090884615385,35.699933615384616],[139.76066315384614,35.69993261538462],[139.76066903225805,35.6997605483871],[139.76058932258064,35.69966848387097],[139.7604299032258,35.69948435483871],[139.7603501935484,35.699392290322585],[139.76019077419355,35.69920816129032],[139.7599516451613,35.698931967741935],[139.75985442857143,35.698728857142854],[139.75986957142857,35.69848180952381],[139.75947338709676,35.69837958064516],[139.75939367741935,35.69828751612903],[139.75931396774195,35.698195451612904],[139.7591545483871,35.69801132258064],[139.7590748387097,35.697919258064516],[139.75891541935485,35.69773512903225],[139.7588357096774,35.69764306451613],[139.75867446666666,35.6974564],[139.75842986666666,35.697172599999995],[139.75820623076922,35.697045461538465],[139.7580222,35.696699599999995],[139.75794066666668,35.696605],[139.7577776,35.6964158],[139.75769606666668,35.6963212],[139.75753300000002,35.696132],[139.75745146666668,35.6960374],[139.75736993333334,35.6959428],[139.75712533333333,35.695659],[139.75688073333333,35.6953752],[139.75671766666667,35.695186],[139.75663613333336,35.6950914],[139.75640366666667,35.69489885714285],[139.756395,35.69465171428571],[139.75638633333332,35.69440457142857],[139.75637842857142,35.69415742857142],[139.75624026923077,35.69420123076923],[139.75599449999999,35.694198],[139.75562584615386,35.69419315384616],[139.75566333333333,35.693960733333334],[139.75542083333335,35.693678633333334],[139.75517833333333,35.693396533333335],[139.75501666666668,35.69320846666667],[139.75493583333335,35.693114433333335],[139.75477416666666,35.69292636666667],[139.75469333333334,35.692832333333335],[139.75453166666668,35.69264426666667],[139.75445083333332,35.692550233333336],[139.75437,35.6924562],[139.7541275,35.6921741],[139.753885,35.691892],[139.75365992307692,35.69171761538462],[139.753644,35.6916116],[139.75348333333332,35.69142466666667],[139.753403,35.6913312],[139.75324233333333,35.69114426666667],[139.753162,35.6910508],[139.75308166666667,35.69095733333334],[139.752921,35.6907704],[139.75284066666666,35.690676933333336],[139.752628,35.69045076190476],[139.752632,35.690203714285715],[139.752636,35.68995666666667],[139.75263999999999,35.68970961904762],[139.752644,35.68946257142857],[139.752648,35.68921552380952],[139.75265266666665,35.68896842857143],[139.752658,35.68872128571429],[139.75266333333332,35.688474142857146],[139.75266866666666,35.688227000000005],[139.75267399999998,35.68797985714286],[139.75267933333333,35.687732714285715],[139.75268466666665,35.687485571428574],[139.75269,35.68723842857143],[139.75269533333332,35.686991285714285],[139.75270066666667,35.686744142857144],[139.752706,35.686497],[139.7527154285714,35.686126428571434],[139.7527217142857,35.685879380952386],[139.752728,35.68563233333334],[139.75273428571427,35.68538528571429],[139.75274057142857,35.68513823809524]]}},{"type":"Feature","properties":{"index":19,"distanceMetres":7177},"geometry":{"type":"LineString","coordinates":[[139.75274057142857,35.68513823809524],[139.75273428571427,35.68538528571429],[139.752728,35.68563233333334],[139.7527217142857,35.685879380952386],[139.7527154285714,35.686126428571434],[139.752706,35.686497],[139.75270066666667,35.686744142857144],[139.75269533333332,35.686991285714285],[139.75269,35.68723842857143],[139.75268466666665,35.687485571428574],[139.75292284615387,35.687618692307694],[139.75316853846155,35.68762707692308],[139.75341423076924,35.68763546153846],[139.75365992307692,35.68764384615385],[139.75390561538464,35.68765223076923],[139.75415130769233,35.687660615384615],[139.754397,35.687669],[139.75464276923077,35.68767853846154],[139.75488853846156,35.687688076923074],[139.75513430769232,35.687697615384614],[139.75538007692307,35.687707153846155],[139.75562584615386,35.68771669230769],[139.75599449999999,35.687731],[139.75623933333333,35.687732714285715],[139.75623666666667,35.687485571428574],[139.756234,35.68723842857143],[139.75623133333335,35.686991285714285],[139.75622866666666,35.686744142857144],[139.756226,35.686497],[139.75622585714285,35.686126428571434],[139.75622576190477,35.685879380952386],[139.75622566666667,35.68563233333334],[139.75622557142856,35.68538528571429],[139.75622547619048,35.68513823809524],[139.7561437142857,35.684966],[139.756486,35.684962285714285],[139.756714,35.68495885714286],[139.756942,35.68495542857143],[139.75717,35.684952],[139.7573982857143,35.684948000000006],[139.75762657142857,35.684944],[139.757969,35.684938],[139.758197,35.68493371428571],[139.75842500000002,35.68492942857143],[139.758653,35.68492514285714],[139.75888114285715,35.684920857142856],[139.75922357142858,35.684914428571425],[139.75945185714286,35.68491014285714],[139.75968,35.684906142857145],[139.759908,35.68490242857143],[139.76013600000002,35.684898714285715],[139.76047814285715,35.68489357142857],[139.76070642857144,35.684890714285714],[139.76066985714286,35.684644142857145],[139.76041746153845,35.68468584615384],[139.76017176923077,35.68468907692308],[139.75992607692308,35.6846923076923],[139.75968038461536,35.68469553846154],[139.75943469230768,35.684698769230764],[139.759189,35.684702],[139.7589433076923,35.684705230769225],[139.75869761538462,35.68470846153846],[139.7584519230769,35.68471169230769],[139.75820623076922,35.684714923076925],[139.75796053846153,35.68471815384615],[139.75771484615385,35.684721384615386],[139.7574691153846,35.6847255],[139.75722334615384,35.6847305],[139.75697757692308,35.684735499999995],[139.7567318076923,35.6847405],[139.75648603846153,35.6847455],[139.7562252857143,35.684644142857145],[139.7561437142857,35.684966],[139.75591542857143,35.684968],[139.75568714285714,35.68497],[139.75545885714286,35.684971142857144],[139.75523057142857,35.68497142857143],[139.75488814285714,35.684971857142855],[139.75466,35.68497128571429],[139.754432,35.68496985714286],[139.754204,35.68496842857143],[139.753976,35.684967],[139.75363357142857,35.684960571428576],[139.75340528571428,35.684956285714286],[139.753177,35.684952],[139.752949,35.68494628571429],[139.75272099999998,35.68494057142858],[139.75275314285713,35.684644142857145],[139.75292284615387,35.684826307692305],[139.75316853846155,35.68481992307692],[139.75341423076924,35.68481353846154],[139.75365992307692,35.68480715384615],[139.75390561538464,35.68480076923077],[139.75415130769233,35.68479438461538],[139.754397,35.684788],[139.75464276923077,35.684782999999996],[139.75488853846156,35.684777999999994],[139.75513430769232,35.684773],[139.75538007692307,35.684768],[139.75562584615386,35.684763],[139.75599449999999,35.684755499999994],[139.7562252857143,35.684644142857145],[139.7559445,35.68443825],[139.755679,35.684208],[139.7555905,35.68413125],[139.7554135,35.68397775],[139.755325,35.683901],[139.75522333333333,35.68384966666667],[139.75491833333334,35.683695666666665],[139.75481666666667,35.68364433333333],[139.754715,35.683593],[139.75441,35.683439],[139.75417155555556,35.683383666666664],[139.7539331111111,35.683328333333336],[139.75369466666666,35.683273],[139.7534562222222,35.68321766666667],[139.75322419999998,35.6831867],[139.7528858,35.683176800000005],[139.7527937142857,35.68316157142857],[139.75280095238094,35.68291442857143],[139.75280819047617,35.68266728571429],[139.75243146153846,35.682772],[139.75218576923078,35.682773],[139.7519400769231,35.682774],[139.75169438461538,35.682775],[139.7514486923077,35.682776000000004],[139.751203,35.682777],[139.75095723076925,35.68277676923077],[139.751183,35.68261],[139.75139964516129,35.682488709677415],[139.75161629032257,35.68236741935483],[139.75172461290322,35.68230677419354],[139.7519412580645,35.68218548387097],[139.75204958064515,35.682124838709676],[139.7521579032258,35.682064193548385],[139.75248287096773,35.68188225806451],[139.75259119354837,35.68182161290322],[139.75283714285715,35.68167871428572],[139.75291616129033,35.681639677419355],[139.75302448387097,35.681579032258064],[139.75313280645162,35.68151838709677],[139.75345777419355,35.6813364516129],[139.75367441935484,35.68121516129032],[139.75389106451613,35.681093870967736],[139.75421603225806,35.68091193548387],[139.7543243548387,35.68085129032258],[139.75443267741935,35.68079064516129],[139.75464932258063,35.68066980645161],[139.75475764516128,35.680609612903226],[139.75497429032256,35.68048922580645],[139.75519093548385,35.680368838709676],[139.75540758064517,35.6802484516129],[139.7557325483871,35.68006787096774],[139.7559491935484,35.67994748387096],[139.75628257142859,35.67970219047619],[139.75628742857143,35.679455142857144],[139.7562922857143,35.679208095238096],[139.75629714285714,35.67896104761905],[139.75599449999999,35.679032500000005],[139.75562584615386,35.679031692307696],[139.75538007692307,35.679031153846154],[139.75513430769232,35.67903061538462],[139.75488853846156,35.67903007692308],[139.75464276923077,35.67902953846154],[139.754397,35.679029],[139.75415130769233,35.67902915384615],[139.75390561538464,35.67902930769231],[139.75365992307692,35.67902946153846],[139.75341423076924,35.679029615384614],[139.75316853846155,35.67902976923077],[139.75292219047617,35.67896104761905],[139.75293,35.678714],[139.7529381904762,35.67846685714286],[139.75294638095238,35.67821971428572],[139.75295457142857,35.67797257142857],[139.75296276190477,35.67772542857143],[139.75297095238096,35.67747828571429],[139.75297914285713,35.677231142857146],[139.75298733333332,35.676984],[139.75299552380952,35.676736857142856],[139.7530037142857,35.676489714285715],[139.7530119047619,35.676242571428574],[139.75302014285714,35.675995428571426],[139.75302842857144,35.675748285714285],[139.75304085714285,35.67537757142857],[139.75304914285715,35.67513042857143],[139.75305742857142,35.67488328571429],[139.75306571428573,35.674636142857146],[139.753074,35.674389],[139.7530822857143,35.67414185714286],[139.75309057142857,35.673894714285716],[139.75309885714287,35.673647571428575],[139.753107,35.67340047619048],[139.753115,35.67315342857143],[139.75267715384615,35.67318430769231],[139.75243146153846,35.67318892307692],[139.75218576923078,35.67319353846154],[139.7519400769231,35.67319815384615],[139.75169438461538,35.67320276923077],[139.7514486923077,35.67320738461538],[139.751203,35.673212],[139.75095723076925,35.67321630769231],[139.75071146153846,35.673220615384615],[139.7504656923077,35.67322492307692],[139.7502199230769,35.67322923076923],[139.74997415384615,35.67323353846154],[139.7497283846154,35.673237846153846],[139.7495182857143,35.67315342857143],[139.74951276190475,35.67340047619048],[139.74950633333333,35.673647571428575],[139.749499,35.673894714285716],[139.74949166666667,35.67414185714286],[139.74948433333333,35.674389],[139.74947699999998,35.674636142857146],[139.74946966666667,35.67488328571429],[139.74946233333333,35.67513042857143],[139.749455,35.67537757142857],[139.749444,35.675748285714285],[139.74923684615385,35.67564769230769],[139.7489910769231,35.675645153846155],[139.7487453076923,35.67564261538462],[139.74837665384615,35.67563880769231],[139.7481308846154,35.67563626923077],[139.74788515384614,35.67563465384615],[139.74763946153845,35.67563396153846],[139.74739376923077,35.67563326923077],[139.74714807692308,35.67563257692308],[139.74690238461537,35.675631884615385],[139.74665669230768,35.67563119230769],[139.746411,35.6756305],[139.74613,35.675748285714285],[139.74613666666667,35.675995428571426],[139.74614214285714,35.676242571428574],[139.74614642857142,35.676489714285715],[139.7461507142857,35.676736857142856],[139.746155,35.676984],[139.74615928571427,35.677231142857146],[139.74616357142858,35.67747828571429],[139.74616785714286,35.67772542857143],[139.74617214285715,35.67797257142857],[139.74617642857143,35.67821971428572],[139.7461807142857,35.67846685714286],[139.746185,35.678714],[139.746187,35.67896104761905],[139.746189,35.679208095238096],[139.746191,35.679455142857144],[139.746193,35.67970219047619],[139.746195,35.67994923809524],[139.746197,35.68019628571429],[139.746199,35.680443333333336],[139.746201,35.680690380952385],[139.746203,35.68093742857143],[139.746205,35.68118447619048],[139.7462057142857,35.681431571428575],[139.74620514285715,35.68167871428572],[139.74620457142856,35.68192585714286],[139.746204,35.682173],[139.74620342857142,35.68242014285715],[139.74620285714286,35.68266728571429],[139.74620228571428,35.68291442857143],[139.74620171428572,35.68316157142857],[139.74620114285713,35.68340871428572],[139.74620057142857,35.68365585714286],[139.7462,35.683903],[139.74619685714285,35.68415004761905],[139.746218,35.684606571428574],[139.74644600000002,35.684627142857146],[139.746674,35.68464771428572],[139.74690214285715,35.68466671428571],[139.74713042857144,35.684684142857144],[139.74747285714287,35.68471028571429],[139.74770114285715,35.68472642857143],[139.74792942857144,35.68474128571429],[139.74815771428572,35.68475614285714],[139.748386,35.684771],[139.748728,35.68478985714285],[139.74895600000002,35.68480242857143],[139.749184,35.684815],[139.7494122857143,35.68482557142857],[139.74964057142856,35.684836142857144],[139.749983,35.684852],[139.75021099999998,35.68486085714286],[139.750439,35.68486971428571],[139.750667,35.68487857142857],[139.75089514285713,35.68488685714286],[139.75123757142856,35.68489842857143],[139.75146585714285,35.684906142857145],[139.75169414285713,35.68491314285715],[139.75192242857142,35.68491942857143],[139.7521507142857,35.68492571428572],[139.752379,35.684932],[139.75272099999998,35.68494057142858],[139.75274057142857,35.68513823809524]]}},{"type":"Feature","properties":{"index":20,"distanceMetres":7630},"geometry":{"type":"LineString","coordinates":[[139.75274057142857,35.68513823809524],[139.75272099999998,35.68494057142858],[139.752949,35.68494628571429],[139.753177,35.684952],[139.75340528571428,35.684956285714286],[139.75363357142857,35.684960571428576],[139.753976,35.684967],[139.754204,35.68496842857143],[139.754432,35.68496985714286],[139.75466,35.68497128571429],[139.75488814285714,35.684971857142855],[139.75523057142857,35.68497142857143],[139.75545885714286,35.684971142857144],[139.75568714285714,35.68497],[139.75591542857143,35.684968],[139.7561437142857,35.684966],[139.75622547619048,35.68513823809524],[139.75622557142856,35.68538528571429],[139.75622566666667,35.68563233333334],[139.75622576190477,35.685879380952386],[139.75622585714285,35.686126428571434],[139.756226,35.686497],[139.75622866666666,35.686744142857144],[139.75623133333335,35.686991285714285],[139.756234,35.68723842857143],[139.75623666666667,35.687485571428574],[139.75623933333333,35.687732714285715],[139.75648603846153,35.68775007692307],[139.7567318076923,35.687759615384614],[139.75697757692308,35.687769153846155],[139.75722334615384,35.68777869230769],[139.7574691153846,35.68778823076923],[139.75771484615385,35.68779807692307],[139.75796053846153,35.68780823076923],[139.75820623076922,35.68781838461538],[139.7584519230769,35.68782853846154],[139.75869761538462,35.68783869230769],[139.7589433076923,35.68784884615385],[139.759189,35.687859],[139.75943469230768,35.68786915384615],[139.75968038461536,35.687879307692306],[139.75992607692308,35.68788946153846],[139.76017176923077,35.687899615384616],[139.76052657142858,35.68797985714286],[139.760514,35.688227000000005],[139.76050142857142,35.688474142857146],[139.76048885714286,35.68872128571429],[139.76047628571428,35.68896842857143],[139.76046247619047,35.68921552380952],[139.76044742857144,35.68946257142857],[139.76043238095238,35.68970961904762],[139.76041733333332,35.68995666666667],[139.7604022857143,35.690203714285715],[139.76038723809523,35.69045076190476],[139.76037219047618,35.69069780952381],[139.76035714285715,35.69094485714285],[139.7603420952381,35.6911919047619],[139.76032704761906,35.69143895238095],[139.760312,35.691686],[139.7602956190476,35.69193314285714],[139.76027923809525,35.69218028571428],[139.76026285714286,35.69242742857143],[139.76024647619047,35.69267457142857],[139.7602300952381,35.69292171428571],[139.76021371428573,35.69316885714285],[139.76019733333334,35.693416],[139.76018095238095,35.69366314285714],[139.7601645714286,35.69391028571428],[139.7601481904762,35.69415742857142],[139.76041746153845,35.694244653846155],[139.76066315384614,35.69424688461539],[139.76090884615385,35.69424865384615],[139.76115453846154,35.69424996153846],[139.76140023076923,35.69425126923077],[139.7616459230769,35.69425257692308],[139.76189161538463,35.694253884615385],[139.7621373076923,35.69425519230769],[139.762383,35.6942565],[139.7626286923077,35.69425780769231],[139.76299723076923,35.69425976923077],[139.7631650952381,35.69415742857142],[139.76315957142856,35.69440457142857],[139.76315471428572,35.69465171428571],[139.76314985714285,35.69489885714285],[139.763145,35.695146],[139.76314014285714,35.69539314285714],[139.7631352857143,35.69564028571428],[139.76313042857143,35.69588742857143],[139.7631255714286,35.69613457142857],[139.76312314285715,35.69625814285715],[139.76312071428572,35.696381714285714],[139.76311585714288,35.69662885714286],[139.763111,35.696876],[139.7626286923077,35.69711157692308],[139.762383,35.6971075],[139.7621373076923,35.69710342307692],[139.76189161538463,35.69709934615384],[139.7616459230769,35.697095269230765],[139.76140023076923,35.69709119230769],[139.76115453846154,35.69708711538461],[139.76090884615385,35.697083038461535],[139.76066315384614,35.697079307692306],[139.76041746153845,35.69707592307692],[139.76017176923077,35.69707253846153],[139.759968,35.696876],[139.75998438095237,35.69662885714286],[139.76000076190476,35.696381714285714],[139.76001714285712,35.69613457142857],[139.7600335238095,35.69588742857143],[139.7600499047619,35.69564028571428],[139.7600662857143,35.69539314285714],[139.76008266666668,35.695146],[139.76009904761904,35.69489885714285],[139.76011542857142,35.69465171428571],[139.76012361904762,35.69452814285714],[139.7601318095238,35.69440457142857],[139.7601481904762,35.69415742857142],[139.75992607692308,35.694240192307696],[139.75968038461536,35.69423796153846],[139.75943469230768,35.69423573076923],[139.759189,35.694233499999996],[139.7589433076923,35.69423126923077],[139.75869761538462,35.694229038461536],[139.7584519230769,35.6942268076923],[139.75820623076922,35.69422457692308],[139.75796053846153,35.69422234615384],[139.75771484615385,35.69422011538461],[139.7574691153846,35.694217384615385],[139.75722334615384,35.694214153846154],[139.75697757692308,35.69421092307692],[139.7567318076923,35.69420769230769],[139.75637842857142,35.69415742857142],[139.7563712857143,35.69391028571428],[139.75636414285714,35.69366314285714],[139.756357,35.693416],[139.75634985714285,35.69316885714285],[139.75634271428572,35.69292171428571],[139.75633557142856,35.69267457142857],[139.75632842857144,35.69242742857143],[139.75632128571428,35.69218028571428],[139.75631414285715,35.69193314285714],[139.756307,35.691686],[139.75630195238094,35.69143895238095],[139.7562969047619,35.6911919047619],[139.75629185714286,35.69094485714285],[139.7562868095238,35.69069780952381],[139.75628176190477,35.69045076190476],[139.75627671428572,35.690203714285715],[139.75611757142858,35.690414714285716],[139.755857,35.69065],[139.75560285714286,35.690879714285714],[139.75534871428573,35.69110942857143],[139.755264,35.691186],[139.75510171428573,35.69134914285714],[139.7550205714286,35.691430714285715],[139.75485828571428,35.69159385714286],[139.75464276923077,35.69171469230769],[139.754397,35.691716],[139.754522,35.69193357142857],[139.754348,35.692110142857146],[139.7541275,35.6921741],[139.753885,35.691892],[139.75365992307692,35.69171761538462],[139.75390561538464,35.69171707692308],[139.75415130769233,35.69171653846154],[139.754397,35.691716],[139.75464276923077,35.69171469230769],[139.75485828571428,35.69159385714286],[139.7550205714286,35.691430714285715],[139.75510171428573,35.69134914285714],[139.755264,35.691186],[139.75534871428573,35.69110942857143],[139.75560285714286,35.690879714285714],[139.755857,35.69065],[139.75611757142858,35.690414714285716],[139.75627671428572,35.690203714285715],[139.75628176190477,35.69045076190476],[139.7562868095238,35.69069780952381],[139.75629185714286,35.69094485714285],[139.7562969047619,35.6911919047619],[139.75630195238094,35.69143895238095],[139.756307,35.691686],[139.75631414285715,35.69193314285714],[139.75632128571428,35.69218028571428],[139.75632842857144,35.69242742857143],[139.75633557142856,35.69267457142857],[139.75634271428572,35.69292171428571],[139.75634985714285,35.69316885714285],[139.756357,35.693416],[139.75636414285714,35.69366314285714],[139.7563712857143,35.69391028571428],[139.75637842857142,35.69415742857142],[139.7567318076923,35.69420769230769],[139.75697757692308,35.69421092307692],[139.75722334615384,35.694214153846154],[139.7574691153846,35.694217384615385],[139.75771484615385,35.69422011538461],[139.75796053846153,35.69422234615384],[139.75820623076922,35.69422457692308],[139.7584519230769,35.6942268076923],[139.75869761538462,35.694229038461536],[139.7589433076923,35.69423126923077],[139.759189,35.694233499999996],[139.75943469230768,35.69423573076923],[139.75968038461536,35.69423796153846],[139.75992607692308,35.694240192307696],[139.7601481904762,35.69415742857142],[139.7601645714286,35.69391028571428],[139.76018095238095,35.69366314285714],[139.76019733333334,35.693416],[139.76021371428573,35.69316885714285],[139.7602300952381,35.69292171428571],[139.76024647619047,35.69267457142857],[139.76026285714286,35.69242742857143],[139.76027923809525,35.69218028571428],[139.7602956190476,35.69193314285714],[139.760312,35.691686],[139.75992607692308,35.69167853846154],[139.75968038461536,35.69168069230769],[139.75943469230768,35.691682846153846],[139.759189,35.691685],[139.7589433076923,35.69168715384615],[139.75869761538462,35.69168930769231],[139.7584519230769,35.69169146153846],[139.75820623076922,35.691693615384615],[139.75796053846153,35.69169576923077],[139.75771484615385,35.69169792307692],[139.7574691153846,35.69169965384615],[139.75722334615384,35.69170096153846],[139.75697757692308,35.69170226923077],[139.7567318076923,35.691703576923075],[139.75648603846153,35.69170488461538],[139.756307,35.691686],[139.75631414285715,35.69193314285714],[139.75632128571428,35.69218028571428],[139.75632842857144,35.69242742857143],[139.75633557142856,35.69267457142857],[139.75634271428572,35.69292171428571],[139.75634985714285,35.69316885714285],[139.756357,35.693416],[139.75636414285714,35.69366314285714],[139.7563712857143,35.69391028571428],[139.75637842857142,35.69415742857142],[139.75624026923077,35.69420123076923],[139.75599449999999,35.694198],[139.75562584615386,35.69419315384616],[139.75538007692307,35.69418992307693],[139.75513430769232,35.694186692307696],[139.75488853846156,35.694183461538465],[139.75464276923077,35.694180230769234],[139.754397,35.694177],[139.75415130769233,35.69417284615385],[139.75390561538464,35.69416869230769],[139.75365992307692,35.69416453846154],[139.75341423076924,35.69416038461539],[139.75316853846155,35.69415623076923],[139.75292284615387,35.694152076923075],[139.75267715384615,35.694147923076926],[139.75258133333332,35.69415742857142],[139.75218576923078,35.694139615384614],[139.7519400769231,35.69413546153846],[139.75169438461538,35.69413130769231],[139.7514486923077,35.69412715384615],[139.75169438461538,35.69413130769231],[139.7519400769231,35.69413546153846],[139.75218576923078,35.694139615384614],[139.75258133333332,35.69415742857142],[139.75258399999998,35.69391028571428],[139.75258666666667,35.69366314285714],[139.75258933333333,35.693416],[139.752592,35.69316885714285],[139.75259466666668,35.69292171428571],[139.75259733333334,35.69267457142857],[139.7526,35.69242742857143],[139.75260266666666,35.69218028571428],[139.75260533333335,35.69193314285714],[139.752608,35.691686],[139.752612,35.69143895238095],[139.75261600000002,35.6911919047619],[139.75262,35.69094485714285],[139.752624,35.69069780952381],[139.752628,35.69045076190476],[139.752632,35.690203714285715],[139.752636,35.68995666666667],[139.75263999999999,35.68970961904762],[139.752644,35.68946257142857],[139.752648,35.68921552380952],[139.75265266666665,35.68896842857143],[139.752658,35.68872128571429],[139.75266333333332,35.688474142857146],[139.75266866666666,35.688227000000005],[139.75267399999998,35.68797985714286],[139.75267933333333,35.687732714285715],[139.75268466666665,35.687485571428574],[139.75269,35.68723842857143],[139.75269533333332,35.686991285714285],[139.75270066666667,35.686744142857144],[139.752706,35.686497],[139.7527154285714,35.686126428571434],[139.7527217142857,35.685879380952386],[139.752728,35.68563233333334],[139.75273428571427,35.68538528571429],[139.75274057142857,35.68513823809524]]}},{"type":"Feature","properties":{"index":21,"distanceMetres":7666},"geometry":{"type":"LineString","coordinates":[[139.75274057142857,35.68513823809524],[139.75273428571427,35.68538528571429],[139.752728,35.68563233333334],[139.7527217142857,35.685879380952386],[139.7527154285714,35.686126428571434],[139.752706,35.686497],[139.75270066666667,35.686744142857144],[139.75269533333332,35.686991285714285],[139.75269,35.68723842857143],[139.75268466666665,35.687485571428574],[139.75243146153846,35.68760192307692],[139.75218576923078,35.687593538461535],[139.7519400769231,35.68758515384615],[139.75169438461538,35.687576769230766],[139.7514486923077,35.68756838461538],[139.751203,35.68756],[139.75095723076925,35.687553538461536],[139.75071146153846,35.687547076923074],[139.7504656923077,35.68754061538461],[139.7502199230769,35.68753415384615],[139.7502735,35.687694],[139.7504337,35.68787986666667],[139.750674,35.688158666666666],[139.7509143,35.68843746666666],[139.7511546,35.68871626666667],[139.7513148,35.68890213333333],[139.7513949,35.68899506666666],[139.75155533333333,35.68918146666667],[139.75163566666666,35.68927493333333],[139.75179633333335,35.68946186666667],[139.75187666666667,35.68955533333333],[139.751957,35.6896488],[139.752198,35.6899292],[139.752439,35.6902096],[139.75259966666667,35.690396533333335],[139.752628,35.69045076190476],[139.75284066666666,35.690676933333336],[139.752921,35.6907704],[139.75308166666667,35.69095733333334],[139.753162,35.6910508],[139.75324233333333,35.69114426666667],[139.753403,35.6913312],[139.75348333333332,35.69142466666667],[139.753644,35.6916116],[139.75365992307692,35.69171761538462],[139.753885,35.691892],[139.7541275,35.6921741],[139.754087,35.692375],[139.753808,35.692603749999996],[139.753715,35.692679999999996],[139.753622,35.69275625],[139.753436,35.69290875],[139.753343,35.692985],[139.753031,35.693150333333335],[139.752823,35.693260555555554],[139.752592,35.69316885714285],[139.75258933333333,35.693416],[139.75258666666667,35.69366314285714],[139.75258399999998,35.69391028571428],[139.75258133333332,35.69415742857142],[139.75257942857144,35.69440457142857],[139.7525782857143,35.69465171428571],[139.75257714285715,35.69489885714285],[139.752576,35.695146],[139.75257485714286,35.69539314285714],[139.75257371428572,35.69564028571428],[139.75257257142857,35.69588742857143],[139.75257142857143,35.69613457142857],[139.75257028571428,35.696381714285714],[139.75256914285714,35.69662885714286],[139.752568,35.696876],[139.75256857142855,35.69724657142857],[139.75256895238095,35.69749361904762],[139.75256933333333,35.69774066666667],[139.7525697142857,35.697987714285716],[139.7525700952381,35.698234761904764],[139.75257047619047,35.69848180952381],[139.75257085714284,35.698728857142854],[139.75257123809521,35.6989759047619],[139.75257161904761,35.69922295238095],[139.752572,35.69947],[139.7525739047619,35.69971714285714],[139.7525758095238,35.69996428571428],[139.7525777142857,35.70021142857143],[139.7525796190476,35.70045857142857],[139.7525815238095,35.70070571428571],[139.75258342857143,35.70095285714285],[139.75258533333331,35.7012],[139.75258723809523,35.70144714285714],[139.75258914285715,35.70169428571428],[139.75259104761903,35.70194142857142],[139.75259366666666,35.70218852380952],[139.75259699999998,35.702435571428566],[139.75260033333333,35.702682619047614],[139.75260366666666,35.70292966666666],[139.75218576923078,35.70294946153846],[139.7519400769231,35.702940846153844],[139.75169438461538,35.70293223076923],[139.7514486923077,35.70292361538461],[139.751203,35.702915],[139.75095723076925,35.70290876923077],[139.75071146153846,35.70290253846154],[139.7504656923077,35.702896307692306],[139.7502199230769,35.702890076923076],[139.74997415384615,35.702883846153846],[139.7497283846154,35.702877615384615],[139.7494826153846,35.702871384615385],[139.74923684615385,35.702865153846155],[139.74890652380952,35.702682619047614],[139.7487453076923,35.702852692307694],[139.74837665384615,35.70284334615385],[139.7481308846154,35.70283711538462],[139.74788515384614,35.70283238461539],[139.74763946153845,35.70282915384615],[139.74739376923077,35.70282592307693],[139.74714807692308,35.70282269230769],[139.74690238461537,35.70281946153847],[139.74665669230768,35.70281623076923],[139.746411,35.702813000000006],[139.7461653076923,35.70280976923077],[139.74591961538462,35.702806538461545],[139.7456739230769,35.70280330769231],[139.7455315714286,35.702682619047614],[139.74518253846153,35.702796846153845],[139.74493684615385,35.70279361538462],[139.74469115384613,35.702791961538466],[139.74444546153845,35.70279188461539],[139.74419976923076,35.70279180769231],[139.74395407692307,35.702791730769235],[139.7437083846154,35.702791653846155],[139.7434626923077,35.702791576923076],[139.74321700000002,35.702791500000004],[139.7429713076923,35.702791423076924],[139.74272561538461,35.702791346153845],[139.74247992307693,35.702791269230765],[139.74213466666666,35.702682619047614],[139.74213733333335,35.70292966666666],[139.74214,35.70317671428571],[139.74214266666667,35.70342376190476],[139.74214533333333,35.70367080952381],[139.742148,35.703917857142855],[139.74215066666667,35.7041649047619],[139.74215333333333,35.70441195238095],[139.742156,35.704659],[139.7421575238095,35.70490614285714],[139.74215904761905,35.70515328571428],[139.74216057142857,35.70540042857143],[139.7421620952381,35.70564757142857],[139.74216361904763,35.70589471428571],[139.74198853846156,35.70598630769231],[139.74174284615387,35.70598076923077],[139.74149711538462,35.70597576923077],[139.74112846153847,35.705969076923076],[139.7408826923077,35.705964615384616],[139.74063692307692,35.705960153846156],[139.74039115384616,35.70595569230769],[139.7401453846154,35.70595123076923],[139.73989961538462,35.70594676923077],[139.73965384615386,35.70594230769231],[139.7394080769231,35.705937846153844],[139.7391623076923,35.705933384615385],[139.73891653846155,35.705928923076925],[139.73867076923077,35.70592446153846],[139.738425,35.70592],[139.7382820952381,35.70589471428571],[139.73827247619047,35.70564757142857],[139.73826285714287,35.70540042857143],[139.73825323809524,35.70515328571428],[139.73824361904764,35.70490614285714],[139.738234,35.704659],[139.73822314285715,35.70441195238095],[139.7382122857143,35.7041649047619],[139.73820142857144,35.703917857142855],[139.7381905714286,35.70367080952381],[139.73817971428574,35.70342376190476],[139.73816885714285,35.70317671428571],[139.738158,35.70292966666666],[139.73814714285714,35.702682619047614],[139.738425,35.702833],[139.73867076923077,35.70282976923077],[139.73891653846155,35.70282653846154],[139.7391623076923,35.702823307692306],[139.7394080769231,35.702820076923075],[139.73965384615386,35.702816846153844],[139.73989961538462,35.70281361538461],[139.7401453846154,35.70281038461538],[139.74039115384616,35.70280715384615],[139.74063692307692,35.70280392307692],[139.7408826923077,35.70280069230769],[139.74112846153847,35.70279746153846],[139.74149711538462,35.70279261538461],[139.74174284615387,35.702791038461534],[139.74198853846156,35.70279111538461],[139.74213466666666,35.702682619047614],[139.74247992307693,35.702791269230765],[139.74272561538461,35.702791346153845],[139.7429713076923,35.702791423076924],[139.74321700000002,35.702791500000004],[139.7434626923077,35.702791576923076],[139.7437083846154,35.702791653846155],[139.74395407692307,35.702791730769235],[139.74419976923076,35.70279180769231],[139.74444546153845,35.70279188461539],[139.74469115384613,35.702791961538466],[139.74493684615385,35.70279361538462],[139.74518253846153,35.702796846153845],[139.7455315714286,35.702682619047614],[139.74554414285714,35.702435571428566],[139.74555671428573,35.70218852380952],[139.74556923809524,35.70194142857142],[139.74558171428572,35.70169428571428],[139.7455941904762,35.70144714285714],[139.74560666666667,35.7012],[139.74561914285715,35.70095285714285],[139.7456316190476,35.70070571428571],[139.74564409523808,35.70045857142857],[139.74565657142855,35.70021142857143],[139.74566904761903,35.69996428571428],[139.7456815238095,35.69971714285714],[139.745694,35.69947],[139.7457058095238,35.69922295238095],[139.7457176190476,35.6989759047619],[139.74572942857142,35.698728857142854],[139.74574123809523,35.69848180952381],[139.74575304761905,35.698234761904764],[139.74576485714286,35.697987714285716],[139.74577666666667,35.69774066666667],[139.74578847619048,35.69749361904762],[139.7458002857143,35.69724657142857],[139.745818,35.696876],[139.74582895238098,35.69662885714286],[139.7458399047619,35.696381714285714],[139.74585085714287,35.69613457142857],[139.74586180952383,35.69588742857143],[139.74587276190476,35.69564028571428],[139.74588371428572,35.69539314285714],[139.7458946666667,35.695146],[139.74590561904762,35.69489885714285],[139.74591657142858,35.69465171428571],[139.74592752380954,35.69440457142857],[139.74593766666666,35.69415742857142],[139.745947,35.69391028571428],[139.74595633333334,35.69366314285714],[139.74596566666668,35.693416],[139.745975,35.69316885714285],[139.74598433333333,35.69292171428571],[139.74599366666666,35.69267457142857],[139.746003,35.69242742857143],[139.7460123333333,35.69218028571428],[139.74602166666665,35.69193314285714],[139.746031,35.691686],[139.7460386190476,35.69143895238095],[139.74604623809523,35.6911919047619],[139.74605385714284,35.69094485714285],[139.74606147619048,35.69069780952381],[139.74606909523808,35.69045076190476],[139.74607671428572,35.690203714285715],[139.74608433333333,35.68995666666667],[139.74609195238097,35.68970961904762],[139.74609957142857,35.68946257142857],[139.7461071904762,35.68921552380952],[139.74611366666667,35.68896842857143],[139.74611900000002,35.68872128571429],[139.74612433333334,35.688474142857146],[139.7461296666667,35.688227000000005],[139.746135,35.68797985714286],[139.74614033333336,35.687732714285715],[139.74614566666668,35.687485571428574],[139.746411,35.6874485],[139.74665669230768,35.68745273076923],[139.74690238461537,35.68745696153846],[139.74714807692308,35.68746119230769],[139.74739376923077,35.68746542307692],[139.74763946153845,35.68746965384615],[139.74788515384614,35.68747388461538],[139.7481308846154,35.68747923076923],[139.74837665384615,35.68748569230769],[139.7487453076923,35.68749538461538],[139.74901476190476,35.687485571428574],[139.74923684615385,35.687508307692305],[139.7494826153846,35.687514769230766],[139.7497283846154,35.68752123076923],[139.74997415384615,35.68752769230769],[139.7502199230769,35.68753415384615],[139.7504656923077,35.68754061538461],[139.75071146153846,35.687547076923074],[139.75095723076925,35.687553538461536],[139.751203,35.68756],[139.7514486923077,35.68756838461538],[139.75169438461538,35.687576769230766],[139.7519400769231,35.68758515384615],[139.75218576923078,35.687593538461535],[139.75243146153846,35.68760192307692],[139.75268466666665,35.687485571428574],[139.75269,35.68723842857143],[139.75269533333332,35.686991285714285],[139.75270066666667,35.686744142857144],[139.752706,35.686497],[139.7527154285714,35.686126428571434],[139.7527217142857,35.685879380952386],[139.752728,35.68563233333334],[139.75273428571427,35.68538528571429],[139.75274057142857,35.68513823809524]]}},{"type":"Feature","properties":{"index":22,"distanceMetres":7718},"geometry":{"type":"LineString","coordinates":[[139.75274057142857,35.68513823809524],[139.75273428571427,35.68538528571429],[139.752728,35.68563233333334],[139.7527217142857,35.685879380952386],[139.7527154285714,35.686126428571434],[139.752706,35.686497],[139.75270066666667,35.686744142857144],[139.75269533333332,35.686991285714285],[139.75269,35.68723842857143],[139.75268466666665,35.687485571428574],[139.75243146153846,35.68760192307692],[139.75218576923078,35.687593538461535],[139.7519400769231,35.68758515384615],[139.75169438461538,35.687576769230766],[139.7514486923077,35.68756838461538],[139.751203,35.68756],[139.75095723076925,35.687553538461536],[139.75071146153846,35.687547076923074],[139.7504656923077,35.68754061538461],[139.7502199230769,35.68753415384615],[139.74997415384615,35.68752769230769],[139.7497283846154,35.68752123076923],[139.7494826153846,35.687514769230766],[139.74923684615385,35.687508307692305],[139.74901476190476,35.687485571428574],[139.7487453076923,35.68749538461538],[139.74837665384615,35.68748569230769],[139.7481308846154,35.68747923076923],[139.74788515384614,35.68747388461538],[139.74763946153845,35.68746965384615],[139.74739376923077,35.68746542307692],[139.74714807692308,35.68746119230769],[139.74690238461537,35.68745696153846],[139.74665669230768,35.68745273076923],[139.746411,35.6874485],[139.74614566666668,35.687485571428574],[139.74614033333336,35.687732714285715],[139.746135,35.68797985714286],[139.7461296666667,35.688227000000005],[139.74612433333334,35.688474142857146],[139.74611900000002,35.68872128571429],[139.74611366666667,35.68896842857143],[139.7461071904762,35.68921552380952],[139.74609957142857,35.68946257142857],[139.74609195238097,35.68970961904762],[139.74608433333333,35.68995666666667],[139.74607671428572,35.690203714285715],[139.74606909523808,35.69045076190476],[139.74606147619048,35.69069780952381],[139.74605385714284,35.69094485714285],[139.74604623809523,35.6911919047619],[139.7460386190476,35.69143895238095],[139.746031,35.691686],[139.7456739230769,35.69170803846154],[139.74542823076922,35.691706884615385],[139.74546975,35.691582499999996],[139.74537212500002,35.691529249999995],[139.74507925,35.6913695],[139.744791375,35.691201875],[139.74460612500002,35.691079625],[139.74432825000002,35.690896249999994],[139.74423562500002,35.690835125],[139.74405514285715,35.690690714285715],[139.7439672857143,35.690607428571425],[139.74379157142857,35.69044085714285],[139.74370371428572,35.69035757142857],[139.74361585714286,35.69027428571428],[139.74346728571427,35.690096],[139.74334585714286,35.689906],[139.74328514285713,35.689811],[139.7431637142857,35.689621],[139.743103,35.689526],[139.743026,35.68928833333334],[139.742949,35.68905066666667],[139.742872,35.688813],[139.742843,35.688569666666666],[139.742814,35.688326333333336],[139.742785,35.688083],[139.74278433333333,35.68783666666667],[139.74272561538461,35.68740726923077],[139.74247992307693,35.68740565384615],[139.74223423076924,35.68740403846154],[139.74220278125,35.687656125000004],[139.74188375,35.68783500000001],[139.74182585714286,35.68797985714286],[139.74183233333332,35.688227000000005],[139.74183880952378,35.688474142857146],[139.74184528571428,35.68872128571429],[139.74185176190474,35.68896842857143],[139.74185819047617,35.68921552380952],[139.74186457142855,35.68946257142857],[139.74187095238094,35.68970961904762],[139.74187733333332,35.68995666666667],[139.7418837142857,35.690203714285715],[139.7418900952381,35.69045076190476],[139.74189647619048,35.69069780952381],[139.74190285714283,35.69094485714285],[139.74190923809522,35.6911919047619],[139.7419156190476,35.69143895238095],[139.741922,35.691686],[139.74174284615387,35.69167996153846],[139.74149711538462,35.69167769230769],[139.74112846153847,35.69167376923077],[139.7408826923077,35.69167115384615],[139.74063692307692,35.69166853846154],[139.74039115384616,35.691665923076926],[139.7401453846154,35.69166330769231],[139.73989961538462,35.69166069230769],[139.73965384615386,35.691658076923076],[139.7394080769231,35.69165546153846],[139.7391623076923,35.69165284615385],[139.73891653846155,35.691650230769234],[139.73867076923077,35.69164761538462],[139.738425,35.691645],[139.73817930769232,35.69164176923077],[139.73793361538463,35.69163853846154],[139.737675,35.691686],[139.73768414285715,35.69193314285714],[139.73769328571427,35.69218028571428],[139.73770242857142,35.69242742857143],[139.73771157142858,35.69267457142857],[139.73772071428573,35.69292171428571],[139.73772985714285,35.69316885714285],[139.737739,35.693416],[139.73774814285716,35.69366314285714],[139.73744223076923,35.69380246153846],[139.73719653846155,35.69379607692308],[139.73695084615386,35.693789692307696],[139.73670515384615,35.69378330769231],[139.73645946153846,35.693776923076925],[139.73621376923077,35.69377053846154],[139.7359680769231,35.69376415384615],[139.73572238461537,35.69375776923077],[139.73547669230769,35.69375138461538],[139.735231,35.693745],[139.73498523076924,35.69373869230769],[139.73480185714286,35.69366314285714],[139.73481700000002,35.693416],[139.73483214285716,35.69316885714285],[139.7348472857143,35.69292171428571],[139.73486242857143,35.69267457142857],[139.73487,35.692550999999995],[139.73487757142857,35.69242742857143],[139.73489271428573,35.69218028571428],[139.73490785714287,35.69193314285714],[139.734923,35.691686],[139.73493557142857,35.69143895238095],[139.735231,35.691603],[139.73547669230769,35.69160623076923],[139.73572238461537,35.69160946153846],[139.7359680769231,35.69161269230769],[139.73621376923077,35.691615923076924],[139.73645946153846,35.691619153846155],[139.73670515384615,35.691622384615385],[139.73695084615386,35.691625615384616],[139.73719653846155,35.69162884615385],[139.73744223076923,35.69163207692308],[139.737675,35.691686],[139.73793361538463,35.69163853846154],[139.73817930769232,35.69164176923077],[139.738425,35.691645],[139.73867076923077,35.69164761538462],[139.73891653846155,35.691650230769234],[139.7391623076923,35.69165284615385],[139.7394080769231,35.69165546153846],[139.73965384615386,35.691658076923076],[139.73989961538462,35.69166069230769],[139.7401453846154,35.69166330769231],[139.74039115384616,35.691665923076926],[139.74063692307692,35.69166853846154],[139.7408826923077,35.69167115384615],[139.74112846153847,35.69167376923077],[139.74149711538462,35.69167769230769],[139.74174284615387,35.69167996153846],[139.741922,35.691686],[139.7419156190476,35.69143895238095],[139.74190923809522,35.6911919047619],[139.74190285714283,35.69094485714285],[139.74189647619048,35.69069780952381],[139.7418900952381,35.69045076190476],[139.7418837142857,35.690203714285715],[139.74187733333332,35.68995666666667],[139.74187095238094,35.68970961904762],[139.74186457142855,35.68946257142857],[139.74185819047617,35.68921552380952],[139.74185176190474,35.68896842857143],[139.74184528571428,35.68872128571429],[139.74183880952378,35.688474142857146],[139.74183233333332,35.688227000000005],[139.74182585714286,35.68797985714286],[139.74145837499998,35.6880735],[139.74113934374998,35.688252375000005],[139.740925875,35.68837175],[139.740711625,35.688491250000006],[139.740497375,35.68861075],[139.74039025,35.6886705],[139.740176,35.688790000000004],[139.740068875,35.68884975],[139.73996175,35.6889095],[139.739640375,35.68908875],[139.739426125,35.68920825],[139.739211875,35.689327750000004],[139.7388905,35.689507],[139.738783375,35.689566750000004],[139.73867625,35.6896265],[139.738462,35.689746],[139.73824775,35.6898655],[139.738140625,35.68992525],[139.737926375,35.69004475],[139.73762795238093,35.69008019047619],[139.73763157142855,35.690203714285715],[139.73763880952382,35.69045076190476],[139.73764604761905,35.69069780952381],[139.7376532857143,35.69094485714285],[139.73766052380952,35.6911919047619],[139.73766776190476,35.69143895238095],[139.737675,35.691686],[139.73744223076923,35.69163207692308],[139.73719653846155,35.69162884615385],[139.73695084615386,35.691625615384616],[139.73670515384615,35.691622384615385],[139.73645946153846,35.691619153846155],[139.73621376923077,35.691615923076924],[139.7359680769231,35.69161269230769],[139.73572238461537,35.69160946153846],[139.73547669230769,35.69160623076923],[139.7355518125,35.6913580625],[139.735659875,35.691298375],[139.73587600000002,35.691179000000005],[139.7359840625,35.6911193125],[139.7362001875,35.6909999375],[139.7364163125,35.6908805625],[139.73652437500002,35.690820875],[139.7366324375,35.6907611875],[139.736956625,35.690582125],[139.73717275,35.69046275],[139.737388875,35.690343375],[139.73763157142855,35.690203714285715],[139.73762795238093,35.69008019047619],[139.73762433333332,35.68995666666667],[139.73761709523808,35.68970961904762],[139.73760985714284,35.68946257142857],[139.7376026190476,35.68921552380952],[139.73759657142855,35.68896842857143],[139.7375917142857,35.68872128571429],[139.73758685714284,35.688474142857146],[139.737582,35.688227000000005],[139.73757714285713,35.68797985714286],[139.7375722857143,35.687732714285715],[139.73756742857142,35.687485571428574],[139.73756257142858,35.68723842857143],[139.7375577142857,35.686991285714285],[139.73755285714287,35.686744142857144],[139.737548,35.686497],[139.73754485714286,35.686126428571434],[139.73754276190476,35.685879380952386],[139.73754066666666,35.68563233333334],[139.7375385714286,35.68538528571429],[139.73753647619048,35.68513823809524],[139.73768792307692,35.68526961538462],[139.73793361538463,35.685264076923076],[139.73817930769232,35.68525853846154],[139.738425,35.685253],[139.73867076923077,35.68524615384616],[139.73891653846155,35.685239307692314],[139.7391623076923,35.68523246153846],[139.7394080769231,35.68522561538462],[139.73965384615386,35.68521876923077],[139.73989961538462,35.68521192307693],[139.7401453846154,35.685205076923076],[139.74039115384616,35.68519823076923],[139.74063692307692,35.685191384615386],[139.7408826923077,35.68518453846154],[139.74112846153847,35.68517769230769],[139.74149711538462,35.685167423076926],[139.74175138095237,35.68513823809524],[139.74198853846156,35.685152692307696],[139.74223423076924,35.68514515384615],[139.74247992307693,35.68513761538462],[139.74272561538461,35.68513007692307],[139.7429713076923,35.68512253846154],[139.74321700000002,35.685114999999996],[139.7434626923077,35.685107461538465],[139.7437083846154,35.68509992307692],[139.74395407692307,35.68509238461539],[139.74419976923076,35.68508484615384],[139.74444546153845,35.68507730769231],[139.74469115384613,35.685069769230765],[139.74493684615385,35.685062153846154],[139.74518253846153,35.68505446153846],[139.74542823076922,35.685046769230766],[139.7456739230769,35.685039076923076],[139.74591961538462,35.685031384615385],[139.74618742857143,35.68489119047619],[139.746411,35.685016000000005],[139.74665669230768,35.68500830769231],[139.74690238461537,35.68500061538462],[139.74714807692308,35.684992923076926],[139.74739376923077,35.684985230769236],[139.74763946153845,35.68497753846154],[139.74788515384614,35.68496984615385],[139.7481308846154,35.684962346153846],[139.74837665384615,35.68495503846154],[139.7487453076923,35.68494407692308],[139.7491048095238,35.68489119047619],[139.74923684615385,35.68492946153847],[139.7494826153846,35.68492215384616],[139.7497283846154,35.684914846153845],[139.74997415384615,35.68490753846154],[139.7502199230769,35.68490023076923],[139.7504656923077,35.68489292307692],[139.750667,35.68487857142857],[139.75089514285713,35.68488685714286],[139.75123757142856,35.68489842857143],[139.75146585714285,35.684906142857145],[139.75169414285713,35.68491314285715],[139.75192242857142,35.68491942857143],[139.7521507142857,35.68492571428572],[139.752379,35.684932],[139.75272099999998,35.68494057142858],[139.75274057142857,35.68513823809524]]}},{"type":"Feature","properties":{"index":23,"distanceMetres":7727},"geometry":{"type":"LineString","coordinates":[[139.75274057142857,35.68513823809524],[139.75272099999998,35.68494057142858],[139.75275314285713,35.684644142857145],[139.75292284615387,35.684826307692305],[139.75316853846155,35.68481992307692],[139.75341423076924,35.68481353846154],[139.75365992307692,35.68480715384615],[139.75390561538464,35.68480076923077],[139.75415130769233,35.68479438461538],[139.754397,35.684788],[139.75464276923077,35.684782999999996],[139.75488853846156,35.684777999999994],[139.75513430769232,35.684773],[139.75538007692307,35.684768],[139.75562584615386,35.684763],[139.75599449999999,35.684755499999994],[139.7562252857143,35.684644142857145],[139.7559445,35.68443825],[139.755679,35.684208],[139.7555905,35.68413125],[139.7554135,35.68397775],[139.755325,35.683901],[139.75522333333333,35.68384966666667],[139.75491833333334,35.683695666666665],[139.75481666666667,35.68364433333333],[139.754715,35.683593],[139.75441,35.683439],[139.75417155555556,35.683383666666664],[139.7539331111111,35.683328333333336],[139.75369466666666,35.683273],[139.7534562222222,35.68321766666667],[139.75322419999998,35.6831867],[139.7528858,35.683176800000005],[139.7527937142857,35.68316157142857],[139.75278647619047,35.68340871428572],[139.75277923809523,35.68365585714286],[139.752772,35.683903],[139.75276571428572,35.68415004761905],[139.7527594285714,35.6843970952381],[139.75275314285713,35.684644142857145],[139.75243146153846,35.684839076923076],[139.75218576923078,35.68484546153846],[139.7519400769231,35.68485184615385],[139.75169438461538,35.68485823076923],[139.7514486923077,35.68486461538462],[139.751203,35.684871],[139.7510801153846,35.68487465384616],[139.75089514285713,35.68488685714286],[139.750667,35.68487857142857],[139.7504656923077,35.68489292307692],[139.7502199230769,35.68490023076923],[139.74997415384615,35.68490753846154],[139.7497283846154,35.684914846153845],[139.7494826153846,35.68492215384616],[139.74923684615385,35.68492946153847],[139.7491048095238,35.68489119047619],[139.7487453076923,35.68494407692308],[139.74837665384615,35.68495503846154],[139.7481308846154,35.684962346153846],[139.74788515384614,35.68496984615385],[139.7481108,35.6851904],[139.7481909,35.68528286666667],[139.74827100000002,35.68537533333333],[139.7484312,35.68556026666667],[139.74851130000002,35.685652733333335],[139.7486715,35.68583766666667],[139.74875160000002,35.685930133333336],[139.74906861904762,35.685879380952386],[139.74907766666666,35.68563233333334],[139.7490867142857,35.68538528571429],[139.74909576190475,35.68513823809524],[139.7491048095238,35.68489119047619],[139.74895600000002,35.68480242857143],[139.748728,35.68478985714285],[139.748386,35.684771],[139.74815771428572,35.68475614285714],[139.74792942857144,35.68474128571429],[139.74770114285715,35.68472642857143],[139.74763946153845,35.68497753846154],[139.74739376923077,35.684985230769236],[139.74714807692308,35.684992923076926],[139.74690238461537,35.68500061538462],[139.74665669230768,35.68500830769231],[139.746411,35.685016000000005],[139.74618742857143,35.68489119047619],[139.7461842857143,35.68513823809524],[139.74618114285715,35.68538528571429],[139.7459151875,35.685571875],[139.745703875,35.685690750000006],[139.74538690625002,35.685869062500004],[139.74517559375,35.6859879375],[139.74496428125002,35.6861068125],[139.7446473125,35.686285125000005],[139.74454165625002,35.686344562500004],[139.744436,35.686404],[139.7442233125,35.68652325],[139.74411696875,35.686582875000006],[139.74390428125,35.686702125000004],[139.74369159375001,35.686821375],[139.74347890625,35.686940625000005],[139.743159875,35.6871195],[139.7429471875,35.687238750000006],[139.74273449999998,35.687358],[139.74272561538461,35.68740726923077],[139.74247992307693,35.68740565384615],[139.74223423076924,35.68740403846154],[139.74220278125,35.687656125000004],[139.74188375,35.68783500000001],[139.74182585714286,35.68797985714286],[139.74181938095236,35.687732714285715],[139.7418129047619,35.687485571428574],[139.7418064285714,35.68723842857143],[139.74179995238094,35.686991285714285],[139.74179347619045,35.686744142857144],[139.741787,35.686497],[139.74177728571428,35.686126428571434],[139.74177080952379,35.685879380952386],[139.74176433333332,35.68563233333334],[139.74175785714286,35.68538528571429],[139.74175138095237,35.68513823809524],[139.74198853846156,35.685152692307696],[139.74223423076924,35.68514515384615],[139.74247992307693,35.68513761538462],[139.74272561538461,35.68513007692307],[139.7429713076923,35.68512253846154],[139.74321700000002,35.685114999999996],[139.7434626923077,35.685107461538465],[139.7433897142857,35.685185000000004],[139.74333242857142,35.685291],[139.74316057142858,35.685609],[139.743046,35.685821],[139.74299085714284,35.686040428571424],[139.74290814285715,35.68636957142857],[139.74288057142857,35.686479285714285],[139.742853,35.686589],[139.742833,35.686804714285714],[139.742813,35.68702042857143],[139.74273449999998,35.687358],[139.7429471875,35.687238750000006],[139.743159875,35.6871195],[139.74347890625,35.686940625000005],[139.74369159375001,35.686821375],[139.74390428125,35.686702125000004],[139.74411696875,35.686582875000006],[139.7442233125,35.68652325],[139.744436,35.686404],[139.74454165625002,35.686344562500004],[139.7446473125,35.686285125000005],[139.74496428125002,35.6861068125],[139.74517559375,35.6859879375],[139.74538690625002,35.685869062500004],[139.745703875,35.685690750000006],[139.7459151875,35.685571875],[139.74618114285715,35.68538528571429],[139.74617800000001,35.68563233333334],[139.74617485714288,35.685879380952386],[139.74617171428574,35.686126428571434],[139.746167,35.686497],[139.7461616666667,35.686744142857144],[139.74615633333335,35.686991285714285],[139.74615100000003,35.68723842857143],[139.74614566666668,35.687485571428574],[139.746411,35.6874485],[139.74665669230768,35.68745273076923],[139.74690238461537,35.68745696153846],[139.74714807692308,35.68746119230769],[139.74739376923077,35.68746542307692],[139.74763946153845,35.68746965384615],[139.74788515384614,35.68747388461538],[139.7481308846154,35.68747923076923],[139.74837665384615,35.68748569230769],[139.7487453076923,35.68749538461538],[139.74901476190476,35.687485571428574],[139.74900695238094,35.687732714285715],[139.74899914285714,35.68797985714286],[139.74899133333332,35.688227000000005],[139.74898352380953,35.688474142857146],[139.7489757142857,35.68872128571429],[139.7489679047619,35.68896842857143],[139.74896095238094,35.68921552380952],[139.74895485714285,35.68946257142857],[139.74894876190476,35.68970961904762],[139.74894266666666,35.68995666666667],[139.74893657142857,35.690203714285715],[139.74893047619048,35.69045076190476],[139.7489243809524,35.69069780952381],[139.74891828571427,35.69094485714285],[139.74891219047618,35.6911919047619],[139.74890609523808,35.69143895238095],[139.7489,35.691686],[139.7487453076923,35.691719923076924],[139.74837665384615,35.69171946153846],[139.7481308846154,35.69171915384615],[139.74788515384614,35.69171842307692],[139.74763946153845,35.69171726923077],[139.74739376923077,35.691716115384615],[139.74714807692308,35.69171496153846],[139.74690238461537,35.69171380769231],[139.74665669230768,35.69171265384615],[139.746411,35.6917115],[139.7461653076923,35.69171034615385],[139.746031,35.691686],[139.7456739230769,35.69170803846154],[139.74542823076922,35.691706884615385],[139.74546975,35.691582499999996],[139.74537212500002,35.691529249999995],[139.74507925,35.6913695],[139.744791375,35.691201875],[139.74460612500002,35.691079625],[139.74432825000002,35.690896249999994],[139.74423562500002,35.690835125],[139.74405514285715,35.690690714285715],[139.7439672857143,35.690607428571425],[139.74379157142857,35.69044085714285],[139.74370371428572,35.69035757142857],[139.74361585714286,35.69027428571428],[139.74346728571427,35.690096],[139.74334585714286,35.689906],[139.74328514285713,35.689811],[139.7431637142857,35.689621],[139.743103,35.689526],[139.743026,35.68928833333334],[139.742949,35.68905066666667],[139.742872,35.688813],[139.742843,35.688569666666666],[139.742814,35.688326333333336],[139.742785,35.688083],[139.74278433333333,35.68783666666667],[139.74272561538461,35.68740726923077],[139.7429713076923,35.68740888461538],[139.74321700000002,35.6874105],[139.7434626923077,35.68741211538462],[139.7437083846154,35.68741373076923],[139.74395407692307,35.68741534615385],[139.74419976923076,35.68741696153846],[139.74444546153845,35.68741857692308],[139.74469115384613,35.68742019230769],[139.74493684615385,35.68742311538462],[139.74518253846153,35.68742734615385],[139.74542823076922,35.687431576923075],[139.7456739230769,35.68743580769231],[139.74591961538462,35.68744003846154],[139.74614566666668,35.687485571428574],[139.74615100000003,35.68723842857143],[139.74615633333335,35.686991285714285],[139.7461616666667,35.686744142857144],[139.746167,35.686497],[139.74617171428574,35.686126428571434],[139.74617485714288,35.685879380952386],[139.74617800000001,35.68563233333334],[139.74618114285715,35.68538528571429],[139.7461842857143,35.68513823809524],[139.74618742857143,35.68489119047619],[139.74619057142857,35.684644142857145],[139.746218,35.684606571428574],[139.74644600000002,35.684627142857146],[139.746674,35.68464771428572],[139.74690214285715,35.68466671428571],[139.74713042857144,35.684684142857144],[139.74690238461537,35.68500061538462],[139.74665669230768,35.68500830769231],[139.746411,35.685016000000005],[139.74618742857143,35.68489119047619],[139.7461842857143,35.68513823809524],[139.74644346875,35.685274687500005],[139.74665478125002,35.6851558125],[139.74665669230768,35.68500830769231],[139.746411,35.685016000000005],[139.74618742857143,35.68489119047619],[139.74619057142857,35.684644142857145],[139.746218,35.684606571428574],[139.74644600000002,35.684627142857146],[139.746674,35.68464771428572],[139.74690214285715,35.68466671428571],[139.74713042857144,35.684684142857144],[139.74690238461537,35.68500061538462],[139.74665669230768,35.68500830769231],[139.74665478125002,35.6851558125],[139.74644346875,35.685274687500005],[139.7461842857143,35.68513823809524],[139.74618114285715,35.68538528571429],[139.7459151875,35.685571875],[139.745703875,35.685690750000006],[139.74538690625002,35.685869062500004],[139.74517559375,35.6859879375],[139.74496428125002,35.6861068125],[139.7446473125,35.686285125000005],[139.74454165625002,35.686344562500004],[139.7446473125,35.686285125000005],[139.74496428125002,35.6861068125],[139.74517559375,35.6859879375],[139.74538690625002,35.685869062500004],[139.745703875,35.685690750000006],[139.7459151875,35.685571875],[139.74618114285715,35.68538528571429],[139.7461842857143,35.68513823809524],[139.74618742857143,35.68489119047619],[139.746411,35.685016000000005],[139.74665669230768,35.68500830769231],[139.74690238461537,35.68500061538462],[139.74714807692308,35.684992923076926],[139.74739376923077,35.684985230769236],[139.74763946153845,35.68497753846154],[139.74788515384614,35.68496984615385],[139.7481308846154,35.684962346153846],[139.74837665384615,35.68495503846154],[139.7487453076923,35.68494407692308],[139.7491048095238,35.68489119047619],[139.74923684615385,35.68492946153847],[139.7494826153846,35.68492215384616],[139.7497283846154,35.684914846153845],[139.74997415384615,35.68490753846154],[139.7502199230769,35.68490023076923],[139.7504656923077,35.68489292307692],[139.750667,35.68487857142857],[139.75089514285713,35.68488685714286],[139.75123757142856,35.68489842857143],[139.75146585714285,35.684906142857145],[139.75169414285713,35.68491314285715],[139.75192242857142,35.68491942857143],[139.7521507142857,35.68492571428572],[139.752379,35.684932],[139.75272099999998,35.68494057142858],[139.75274057142857,35.68513823809524]]}},{"type":"Feature","properties":{"index":24,"distanceMetres":7938},"geometry":{"type":"LineString","coordinates":[[139.75274057142857,35.68513823809524],[139.75273428571427,35.68538528571429],[139.752728,35.68563233333334],[139.7527217142857,35.685879380952386],[139.7527154285714,35.686126428571434],[139.752706,35.686497],[139.75270066666667,35.686744142857144],[139.75269533333332,35.686991285714285],[139.75269,35.68723842857143],[139.75268466666665,35.687485571428574],[139.75267933333333,35.687732714285715],[139.75267399999998,35.68797985714286],[139.75266866666666,35.688227000000005],[139.75266333333332,35.688474142857146],[139.752658,35.68872128571429],[139.75265266666665,35.68896842857143],[139.752648,35.68921552380952],[139.752644,35.68946257142857],[139.75263999999999,35.68970961904762],[139.752636,35.68995666666667],[139.752632,35.690203714285715],[139.752628,35.69045076190476],[139.75284066666666,35.690676933333336],[139.752921,35.6907704],[139.75308166666667,35.69095733333334],[139.753162,35.6910508],[139.75324233333333,35.69114426666667],[139.753403,35.6913312],[139.75348333333332,35.69142466666667],[139.753644,35.6916116],[139.75365992307692,35.69171761538462],[139.75341423076924,35.69171815384615],[139.75316853846155,35.691718692307695],[139.75292284615387,35.69171923076923],[139.75267715384615,35.69171976923077],[139.752608,35.691686],[139.75218576923078,35.69172084615385],[139.7519400769231,35.691721384615384],[139.75169438461538,35.691721923076926],[139.7514486923077,35.69172246153846],[139.751203,35.691723],[139.75095723076925,35.69172269230769],[139.75071146153846,35.69172238461539],[139.7504656923077,35.69172207692308],[139.7502199230769,35.691721769230774],[139.74997415384615,35.691721461538464],[139.7497283846154,35.69172115384615],[139.7494826153846,35.69172084615385],[139.74923684615385,35.69172053846154],[139.7489,35.691686],[139.74890609523808,35.69143895238095],[139.74891219047618,35.6911919047619],[139.74891828571427,35.69094485714285],[139.7489243809524,35.69069780952381],[139.74893047619048,35.69045076190476],[139.74893657142857,35.690203714285715],[139.74894266666666,35.68995666666667],[139.74894876190476,35.68970961904762],[139.74895485714285,35.68946257142857],[139.74896095238094,35.68921552380952],[139.7489679047619,35.68896842857143],[139.7489757142857,35.68872128571429],[139.74898352380953,35.688474142857146],[139.74899133333332,35.688227000000005],[139.74899914285714,35.68797985714286],[139.74900695238094,35.687732714285715],[139.74901476190476,35.687485571428574],[139.7487453076923,35.68749538461538],[139.74837665384615,35.68748569230769],[139.7481308846154,35.68747923076923],[139.74788515384614,35.68747388461538],[139.74763946153845,35.68746965384615],[139.74739376923077,35.68746542307692],[139.74714807692308,35.68746119230769],[139.74690238461537,35.68745696153846],[139.74665669230768,35.68745273076923],[139.746411,35.6874485],[139.74614566666668,35.687485571428574],[139.74591961538462,35.68744003846154],[139.7456739230769,35.68743580769231],[139.74542823076922,35.687431576923075],[139.74518253846153,35.68742734615385],[139.74493684615385,35.68742311538462],[139.74469115384613,35.68742019230769],[139.74444546153845,35.68741857692308],[139.74419976923076,35.68741696153846],[139.74395407692307,35.68741534615385],[139.7437083846154,35.68741373076923],[139.7434626923077,35.68741211538462],[139.74321700000002,35.6874105],[139.7429713076923,35.68740888461538],[139.74272561538461,35.68740726923077],[139.74278433333333,35.68783666666667],[139.742785,35.688083],[139.742814,35.688326333333336],[139.742843,35.688569666666666],[139.742872,35.688813],[139.742949,35.68905066666667],[139.743026,35.68928833333334],[139.743103,35.689526],[139.7431637142857,35.689621],[139.74328514285713,35.689811],[139.74334585714286,35.689906],[139.74346728571427,35.690096],[139.74361585714286,35.69027428571428],[139.74370371428572,35.69035757142857],[139.74379157142857,35.69044085714285],[139.7439672857143,35.690607428571425],[139.74405514285715,35.690690714285715],[139.74423562500002,35.690835125],[139.74432825000002,35.690896249999994],[139.74460612500002,35.691079625],[139.744791375,35.691201875],[139.74507925,35.6913695],[139.74537212500002,35.691529249999995],[139.74546975,35.691582499999996],[139.74542823076922,35.691706884615385],[139.7456739230769,35.69170803846154],[139.746031,35.691686],[139.7460386190476,35.69143895238095],[139.74604623809523,35.6911919047619],[139.74605385714284,35.69094485714285],[139.74606147619048,35.69069780952381],[139.74606909523808,35.69045076190476],[139.74607671428572,35.690203714285715],[139.74608433333333,35.68995666666667],[139.74609195238097,35.68970961904762],[139.74609957142857,35.68946257142857],[139.7461071904762,35.68921552380952],[139.74611366666667,35.68896842857143],[139.74611900000002,35.68872128571429],[139.74612433333334,35.688474142857146],[139.7461296666667,35.688227000000005],[139.746135,35.68797985714286],[139.74614033333336,35.687732714285715],[139.74614566666668,35.687485571428574],[139.746411,35.6874485],[139.74665669230768,35.68745273076923],[139.74690238461537,35.68745696153846],[139.74714807692308,35.68746119230769],[139.74739376923077,35.68746542307692],[139.74763946153845,35.68746965384615],[139.74788515384614,35.68747388461538],[139.7481308846154,35.68747923076923],[139.74837665384615,35.68748569230769],[139.7487453076923,35.68749538461538],[139.74901476190476,35.687485571428574],[139.74902257142855,35.68723842857143],[139.74903038095238,35.686991285714285],[139.74903819047617,35.686744142857144],[139.749046,35.686497],[139.74905957142857,35.686126428571434],[139.7491521,35.68639293333334],[139.7493924,35.686671733333334],[139.7496327,35.68695053333334],[139.74979290000002,35.6871364],[139.7499531,35.68732226666667],[139.74997415384615,35.68752769230769],[139.7497283846154,35.68752123076923],[139.7494826153846,35.687514769230766],[139.74923684615385,35.687508307692305],[139.74901476190476,35.687485571428574],[139.74900695238094,35.687732714285715],[139.74899914285714,35.68797985714286],[139.74899133333332,35.688227000000005],[139.74898352380953,35.688474142857146],[139.7489757142857,35.68872128571429],[139.7489679047619,35.68896842857143],[139.74896095238094,35.68921552380952],[139.74895485714285,35.68946257142857],[139.74894876190476,35.68970961904762],[139.74894266666666,35.68995666666667],[139.74893657142857,35.690203714285715],[139.74893047619048,35.69045076190476],[139.7489243809524,35.69069780952381],[139.74891828571427,35.69094485714285],[139.74891219047618,35.6911919047619],[139.74890609523808,35.69143895238095],[139.7489,35.691686],[139.74889609523808,35.69193314285714],[139.7488921904762,35.69218028571428],[139.7488882857143,35.69242742857143],[139.74888438095238,35.69267457142857],[139.74888047619046,35.69292171428571],[139.74887657142858,35.69316885714285],[139.74887461904763,35.693292428571425],[139.74887266666667,35.693416],[139.749028,35.693475],[139.749361,35.6935551],[139.749583,35.693608499999996],[139.749805,35.6936619],[139.750027,35.6937153],[139.7503714,35.6937442],[139.7506048,35.6937464],[139.7508382,35.6937486],[139.7510716,35.693750800000004],[139.751305,35.693753],[139.7515254,35.6936986],[139.7517458,35.6936442],[139.751856,35.693617],[139.7520764,35.6935626],[139.7522968,35.6935082],[139.75258933333333,35.693416],[139.75258666666667,35.69366314285714],[139.75258399999998,35.69391028571428],[139.75258133333332,35.69415742857142],[139.75218576923078,35.694139615384614],[139.7519400769231,35.69413546153846],[139.75169438461538,35.69413130769231],[139.7514486923077,35.69412715384615],[139.75132584615386,35.69412507692307],[139.751203,35.694123],[139.75095723076925,35.694118153846155],[139.75071146153846,35.694113307692305],[139.7504656923077,35.69410846153846],[139.7502199230769,35.69410361538461],[139.74997415384615,35.69409876923077],[139.7497283846154,35.69409392307692],[139.7494826153846,35.69408907692308],[139.74923684615385,35.69408423076923],[139.7489910769231,35.694079384615385],[139.74886485714288,35.69391028571428],[139.74886095238097,35.69415742857142],[139.7488582857143,35.69440457142857],[139.74885685714287,35.69465171428571],[139.74885542857143,35.69489885714285],[139.748854,35.695146],[139.74885257142859,35.69539314285714],[139.74885114285715,35.69564028571428],[139.7488497142857,35.69588742857143],[139.74884828571427,35.69613457142857],[139.74884685714287,35.696381714285714],[139.74884542857143,35.69662885714286],[139.748844,35.696876],[139.7489910769231,35.696970692307694],[139.74923684615385,35.69697161538461],[139.7494826153846,35.69697253846154],[139.7497283846154,35.69697346153846],[139.74997415384615,35.69697438461539],[139.7502199230769,35.696975307692306],[139.7504656923077,35.69697623076923],[139.75071146153846,35.696977153846156],[139.75095723076925,35.696978076923074],[139.751203,35.696979],[139.7514486923077,35.69698084615384],[139.75169438461538,35.69698269230769],[139.7519400769231,35.696984538461535],[139.75218576923078,35.696986384615386],[139.752568,35.696876],[139.75267715384615,35.69699007692308],[139.75292284615387,35.69699192307692],[139.75316853846155,35.69699376923077],[139.75341423076924,35.696995615384616],[139.75365992307692,35.696997461538466],[139.75390561538464,35.69699930769231],[139.75415130769233,35.69700115384616],[139.754397,35.697003],[139.75464276923077,35.69700561538462],[139.75488853846156,35.697008230769235],[139.75513430769232,35.69701084615385],[139.75538007692307,35.69701346153846],[139.75562584615386,35.69701607692308],[139.75599449999999,35.69702],[139.75624026923077,35.69702261538462],[139.756473,35.696876],[139.75646433333333,35.69662885714286],[139.75645566666665,35.696381714285714],[139.756447,35.69613457142857],[139.75643833333334,35.69588742857143],[139.75642966666666,35.69564028571428],[139.756421,35.69539314285714],[139.75641233333334,35.695146],[139.75640366666667,35.69489885714285],[139.756395,35.69465171428571],[139.75638633333332,35.69440457142857],[139.75637842857142,35.69415742857142],[139.75624026923077,35.69420123076923],[139.75599449999999,35.694198],[139.75562584615386,35.69419315384616],[139.75566333333333,35.693960733333334],[139.75542083333335,35.693678633333334],[139.75517833333333,35.693396533333335],[139.75501666666668,35.69320846666667],[139.75493583333335,35.693114433333335],[139.75477416666666,35.69292636666667],[139.75469333333334,35.692832333333335],[139.75453166666668,35.69264426666667],[139.75445083333332,35.692550233333336],[139.75437,35.6924562],[139.7541275,35.6921741],[139.753885,35.691892],[139.75365992307692,35.69171761538462],[139.753644,35.6916116],[139.75348333333332,35.69142466666667],[139.753403,35.6913312],[139.75324233333333,35.69114426666667],[139.753162,35.6910508],[139.75308166666667,35.69095733333334],[139.752921,35.6907704],[139.75284066666666,35.690676933333336],[139.752628,35.69045076190476],[139.752632,35.690203714285715],[139.752636,35.68995666666667],[139.75263999999999,35.68970961904762],[139.752644,35.68946257142857],[139.752648,35.68921552380952],[139.75265266666665,35.68896842857143],[139.752658,35.68872128571429],[139.75266333333332,35.688474142857146],[139.75266866666666,35.688227000000005],[139.75267399999998,35.68797985714286],[139.75267933333333,35.687732714285715],[139.75268466666665,35.687485571428574],[139.75269,35.68723842857143],[139.75269533333332,35.686991285714285],[139.75270066666667,35.686744142857144],[139.752706,35.686497],[139.7527154285714,35.686126428571434],[139.7527217142857,35.685879380952386],[139.752728,35.68563233333334],[139.75273428571427,35.68538528571429],[139.75274057142857,35.68513823809524]]}},{"type":"Feature","properties":{"index":25,"distanceMetres":7998},"geometry":{"type":"LineString","coordinates":[[139.75274057142857,35.68513823809524],[139.75272099999998,35.68494057142858],[139.752949,35.68494628571429],[139.753177,35.684952],[139.75340528571428,35.684956285714286],[139.75363357142857,35.684960571428576],[139.753976,35.684967],[139.754204,35.68496842857143],[139.754432,35.68496985714286],[139.75466,35.68497128571429],[139.75488814285714,35.684971857142855],[139.75523057142857,35.68497142857143],[139.75545885714286,35.684971142857144],[139.75568714285714,35.68497],[139.75591542857143,35.684968],[139.7561437142857,35.684966],[139.756486,35.684962285714285],[139.756553,35.685203],[139.75666557142856,35.68540528571429],[139.75683442857144,35.68570871428571],[139.7568907142857,35.68580985714286],[139.756947,35.685911],[139.7570802857143,35.68621614285714],[139.75716914285715,35.686419571428566],[139.75728885714287,35.686726285714286],[139.7573505714286,35.68693285714286],[139.75738142857142,35.68703614285714],[139.75741228571428,35.68713942857143],[139.75738142857142,35.68703614285714],[139.7573505714286,35.68693285714286],[139.75728885714287,35.686726285714286],[139.75716914285715,35.686419571428566],[139.7570802857143,35.68621614285714],[139.756947,35.685911],[139.7568907142857,35.68580985714286],[139.75683442857144,35.68570871428571],[139.75666557142856,35.68540528571429],[139.756553,35.685203],[139.756486,35.684962285714285],[139.7561437142857,35.684966],[139.7562252857143,35.684644142857145],[139.7559445,35.68443825],[139.755679,35.684208],[139.7555905,35.68413125],[139.7554135,35.68397775],[139.755325,35.683901],[139.75522333333333,35.68384966666667],[139.75491833333334,35.683695666666665],[139.75481666666667,35.68364433333333],[139.754715,35.683593],[139.75441,35.683439],[139.75417155555556,35.683383666666664],[139.7539331111111,35.683328333333336],[139.75369466666666,35.683273],[139.7534562222222,35.68321766666667],[139.75322419999998,35.6831867],[139.7528858,35.683176800000005],[139.7527937142857,35.68316157142857],[139.7524346,35.6831636],[139.752209,35.683157],[139.75196877777776,35.683183222222226],[139.75172855555556,35.683209444444444],[139.75148833333333,35.68323566666667],[139.751128,35.683275],[139.75090799999998,35.68331122222222],[139.750688,35.68334744444444],[139.750578,35.68336555555556],[139.75046799999998,35.68338366666667],[139.750138,35.683438],[139.74990499999998,35.68346675],[139.74966287096774,35.6834644516129],[139.74944570967742,35.68358651612903],[139.74916023809524,35.68340871428572],[139.74896725,35.683563250000006],[139.7487285,35.6835735],[139.74848975,35.68358375],[139.7481358888889,35.683596],[139.74790566666667,35.6836],[139.74767544444447,35.683603999999995],[139.74744522222224,35.683608],[139.747215,35.683612],[139.74709244444446,35.68362244444444],[139.7469093,35.6838034],[139.7469894,35.68389586666667],[139.7471496,35.684080800000004],[139.7472297,35.68417326666667],[139.7473899,35.6843582],[139.7476056875,35.684620875],[139.74771134374998,35.6845614375],[139.74792558064516,35.684440967741935],[139.74814274193548,35.68431890322581],[139.74846848387097,35.684135806451614],[139.74857706451613,35.68407477419355],[139.7486856451613,35.68401374193549],[139.7489028064516,35.68389167741935],[139.74901138709677,35.683830645161294],[139.74915061904764,35.68365585714286],[139.74944570967742,35.68358651612903],[139.74916023809524,35.68340871428572],[139.74915061904764,35.68365585714286],[139.749141,35.683903],[139.74913195238096,35.68415004761905],[139.74912290476192,35.6843970952381],[139.74895600000002,35.68480242857143],[139.748728,35.68478985714285],[139.748386,35.684771],[139.74815771428572,35.68475614285714],[139.74792942857144,35.68474128571429],[139.74770114285715,35.68472642857143],[139.74747285714287,35.68471028571429],[139.74713042857144,35.684684142857144],[139.74690238461537,35.68500061538462],[139.74714807692308,35.684992923076926],[139.74739376923077,35.684985230769236],[139.74763946153845,35.68497753846154],[139.74770114285715,35.68472642857143],[139.74792942857144,35.68474128571429],[139.74815771428572,35.68475614285714],[139.748386,35.684771],[139.748728,35.68478985714285],[139.74895600000002,35.68480242857143],[139.749184,35.684815],[139.7494122857143,35.68482557142857],[139.74964057142856,35.684836142857144],[139.749983,35.684852],[139.75021099999998,35.68486085714286],[139.750439,35.68486971428571],[139.750667,35.68487857142857],[139.7504656923077,35.68489292307692],[139.7502199230769,35.68490023076923],[139.74997415384615,35.68490753846154],[139.7497283846154,35.684914846153845],[139.7494826153846,35.68492215384616],[139.74923684615385,35.68492946153847],[139.7491048095238,35.68489119047619],[139.74909576190475,35.68513823809524],[139.7490867142857,35.68538528571429],[139.74907766666666,35.68563233333334],[139.74906861904762,35.685879380952386],[139.74875160000002,35.685930133333336],[139.7486715,35.68583766666667],[139.74851130000002,35.685652733333335],[139.7484312,35.68556026666667],[139.74827100000002,35.68537533333333],[139.7481909,35.68528286666667],[139.7481108,35.6851904],[139.74788515384614,35.68496984615385],[139.74763946153845,35.68497753846154],[139.74770114285715,35.68472642857143],[139.7476056875,35.684620875],[139.7473899,35.6843582],[139.7472297,35.68417326666667],[139.7471496,35.684080800000004],[139.7469894,35.68389586666667],[139.7469093,35.6838034],[139.74709244444446,35.68362244444444],[139.747215,35.683612],[139.74744522222224,35.683608],[139.74767544444447,35.683603999999995],[139.74790566666667,35.6836],[139.7481358888889,35.683596],[139.74848975,35.68358375],[139.7487285,35.6835735],[139.74896725,35.683563250000006],[139.74916023809524,35.68340871428572],[139.74916985714287,35.68316157142857],[139.74917947619048,35.68291442857143],[139.7491890952381,35.68266728571429],[139.7489910769231,35.68277492307693],[139.7487453076923,35.682774692307696],[139.74837665384615,35.68277434615385],[139.7481308846154,35.68277411538462],[139.74788515384614,35.68277330769231],[139.74763946153845,35.68277192307693],[139.74739376923077,35.68277053846154],[139.74714807692308,35.68276915384615],[139.74690238461537,35.68276776923077],[139.74665669230768,35.682766384615384],[139.746411,35.682765],[139.74620285714286,35.68266728571429],[139.74591961538462,35.68276223076923],[139.7456739230769,35.68276084615385],[139.74542823076922,35.68275946153846],[139.74518253846153,35.68275807692307],[139.74493684615385,35.68275669230769],[139.74469115384613,35.682754730769226],[139.74444546153845,35.68275219230769],[139.74419976923076,35.68274965384615],[139.74395407692307,35.682747115384615],[139.7437083846154,35.68274457692308],[139.7434626923077,35.68274203846154],[139.74321700000002,35.6827395],[139.7429713076923,35.68273696153846],[139.74272561538461,35.68273442307692],[139.74247992307693,35.682731884615386],[139.74223423076924,35.68272934615385],[139.74198853846156,35.68272680769231],[139.74168757142857,35.68266728571429],[139.74149711538462,35.68272123076923],[139.74112846153847,35.68271592307693],[139.7408826923077,35.682712384615385],[139.74063692307692,35.68270884615385],[139.74039115384616,35.68270530769231],[139.7401453846154,35.68270176923077],[139.73989961538462,35.68269823076923],[139.73965384615386,35.68269469230769],[139.7394080769231,35.68269115384615],[139.7391623076923,35.682687615384616],[139.73891653846155,35.682684076923074],[139.73867076923077,35.68268053846154],[139.738425,35.682677],[139.73817930769232,35.68267261538461],[139.73793361538463,35.68266823076923],[139.73768792307692,35.682663846153844],[139.73752933333333,35.68266728571429],[139.73753000000002,35.68242014285715],[139.7375306666667,35.682173],[139.73753133333335,35.68192585714286],[139.73753200000002,35.68167871428572],[139.73753266666668,35.681431571428575],[139.73753466666668,35.68118447619048],[139.737538,35.68093742857143],[139.73754133333335,35.680690380952385],[139.73754466666668,35.680443333333336],[139.737548,35.68019628571429],[139.73755133333336,35.67994923809524],[139.73755466666668,35.67970219047619],[139.737558,35.679455142857144],[139.73756133333333,35.679208095238096],[139.73719653846155,35.67914076923077],[139.73695084615386,35.67914392307692],[139.73670515384615,35.67914707692308],[139.73645946153846,35.67915023076923],[139.73621376923077,35.67915338461538],[139.7359680769231,35.67915653846154],[139.73572238461537,35.67915969230769],[139.73547669230769,35.67916284615385],[139.73513723809523,35.679208095238096],[139.73513161904762,35.67896104761905],[139.735126,35.678714],[139.7351160952381,35.67846685714286],[139.7351061904762,35.67821971428572],[139.7350962857143,35.67797257142857],[139.73508638095237,35.67772542857143],[139.73507647619047,35.67747828571429],[139.73506657142858,35.677231142857146],[139.73507647619047,35.67747828571429],[139.73508638095237,35.67772542857143],[139.7350962857143,35.67797257142857],[139.7351061904762,35.67821971428572],[139.7351160952381,35.67846685714286],[139.735126,35.678714],[139.73513161904762,35.67896104761905],[139.73513723809523,35.679208095238096],[139.73547669230769,35.67916284615385],[139.73572238461537,35.67915969230769],[139.7359680769231,35.67915653846154],[139.73621376923077,35.67915338461538],[139.73645946153846,35.67915023076923],[139.73670515384615,35.67914707692308],[139.73695084615386,35.67914392307692],[139.73719653846155,35.67914076923077],[139.73756133333333,35.679208095238096],[139.73768792307692,35.67913446153846],[139.73793361538463,35.67913130769231],[139.73817930769232,35.67912815384615],[139.738425,35.679125],[139.7385478846154,35.679123653846155],[139.73867076923077,35.67912230769231],[139.73891653846155,35.679119615384614],[139.7391623076923,35.679116923076926],[139.7394080769231,35.67911423076923],[139.73965384615386,35.67911153846154],[139.73989961538462,35.679108846153845],[139.7401453846154,35.679106153846156],[139.74039115384616,35.67910346153846],[139.74063692307692,35.67910076923077],[139.7408826923077,35.679098076923076],[139.74112846153847,35.67909538461539],[139.7415978095238,35.67896104761905],[139.74174284615387,35.679088923076925],[139.74198853846156,35.67908676923077],[139.74223423076924,35.67908461538462],[139.74247992307693,35.679082461538464],[139.74272561538461,35.67908030769231],[139.74288326666667,35.6792061],[139.743045,35.6793895],[139.74312586666667,35.6794812],[139.7432876,35.6796646],[139.74344933333333,35.679848],[139.7435302,35.6799397],[139.74369193333334,35.6801231],[139.7437728,35.6802148],[139.74393453333334,35.6803982],[139.74417713333332,35.6806733],[139.74441873333333,35.68094906666667],[139.74457946666666,35.68113313333333],[139.74465983333334,35.681225166666664],[139.74482056666668,35.68140923333333],[139.74490093333333,35.681501266666665],[139.74506166666666,35.681685333333334],[139.74514203333334,35.681777366666665],[139.74530276666667,35.681961433333335],[139.74538313333332,35.682053466666666],[139.7454635,35.682145500000004],[139.7457046,35.6824216],[139.74591961538462,35.68276223076923],[139.74620285714286,35.68266728571429],[139.74620228571428,35.68291442857143],[139.74620171428572,35.68316157142857],[139.74620114285713,35.68340871428572],[139.74620057142857,35.68365585714286],[139.7462,35.683903],[139.74619685714285,35.68415004761905],[139.746218,35.684606571428574],[139.74644600000002,35.684627142857146],[139.746674,35.68464771428572],[139.74690214285715,35.68466671428571],[139.74713042857144,35.684684142857144],[139.74747285714287,35.68471028571429],[139.74770114285715,35.68472642857143],[139.74792942857144,35.68474128571429],[139.74815771428572,35.68475614285714],[139.748386,35.684771],[139.748728,35.68478985714285],[139.74895600000002,35.68480242857143],[139.749184,35.684815],[139.7494122857143,35.68482557142857],[139.74964057142856,35.684836142857144],[139.749983,35.684852],[139.75021099999998,35.68486085714286],[139.750439,35.68486971428571],[139.750667,35.68487857142857],[139.75089514285713,35.68488685714286],[139.75123757142856,35.68489842857143],[139.75146585714285,35.684906142857145],[139.75169414285713,35.68491314285715],[139.75192242857142,35.68491942857143],[139.7521507142857,35.68492571428572],[139.752379,35.684932],[139.75272099999998,35.68494057142858],[139.75274057142857,35.68513823809524]]}},{"type":"Feature","properties":{"index":26,"distanceMetres":8090},"geometry":{"type":"LineString","coordinates":[[139.75274057142857,35.68513823809524],[139.75272099999998,35.68494057142858],[139.752949,35.68494628571429],[139.753177,35.684952],[139.75340528571428,35.684956285714286],[139.75363357142857,35.684960571428576],[139.753976,35.684967],[139.754204,35.68496842857143],[139.754432,35.68496985714286],[139.75466,35.68497128571429],[139.75488814285714,35.684971857142855],[139.75523057142857,35.68497142857143],[139.75545885714286,35.684971142857144],[139.75568714285714,35.68497],[139.75591542857143,35.684968],[139.7561437142857,35.684966],[139.756486,35.684962285714285],[139.756714,35.68495885714286],[139.756942,35.68495542857143],[139.75717,35.684952],[139.7573982857143,35.684948000000006],[139.75762657142857,35.684944],[139.757969,35.684938],[139.758197,35.68493371428571],[139.75842500000002,35.68492942857143],[139.758653,35.68492514285714],[139.75888114285715,35.684920857142856],[139.75922357142858,35.684914428571425],[139.75945185714286,35.68491014285714],[139.75968,35.684906142857145],[139.759908,35.68490242857143],[139.76013600000002,35.684898714285715],[139.76047814285715,35.68489357142857],[139.76070642857144,35.684890714285714],[139.76065176190477,35.68513823809524],[139.76064271428572,35.68538528571429],[139.76063366666668,35.68563233333334],[139.76062461904763,35.685879380952386],[139.7606155714286,35.686126428571434],[139.760602,35.686497],[139.76058942857142,35.686744142857144],[139.76057685714287,35.686991285714285],[139.76056428571428,35.68723842857143],[139.76055171428573,35.687485571428574],[139.76053914285714,35.687732714285715],[139.76052657142858,35.68797985714286],[139.76017176923077,35.687899615384616],[139.75992607692308,35.68788946153846],[139.75968038461536,35.687879307692306],[139.75943469230768,35.68786915384615],[139.759189,35.687859],[139.7589433076923,35.68784884615385],[139.75869761538462,35.68783869230769],[139.7584519230769,35.68782853846154],[139.75820623076922,35.68781838461538],[139.75796053846153,35.68780823076923],[139.75771484615385,35.68779807692307],[139.7574691153846,35.68778823076923],[139.75722334615384,35.68777869230769],[139.75697757692308,35.687769153846155],[139.7567318076923,35.687759615384614],[139.75648603846153,35.68775007692307],[139.75623933333333,35.687732714285715],[139.75624200000001,35.68797985714286],[139.75624466666667,35.688227000000005],[139.75624733333333,35.688474142857146],[139.75625000000002,35.68872128571429],[139.75625266666668,35.68896842857143],[139.75625652380953,35.68921552380952],[139.75626157142858,35.68946257142857],[139.75626661904764,35.68970961904762],[139.75627166666666,35.68995666666667],[139.75627671428572,35.690203714285715],[139.75628176190477,35.69045076190476],[139.7562868095238,35.69069780952381],[139.75629185714286,35.69094485714285],[139.7562969047619,35.6911919047619],[139.75630195238094,35.69143895238095],[139.756307,35.691686],[139.75599449999999,35.6917075],[139.75562584615386,35.69170946153846],[139.75538007692307,35.69171076923077],[139.75513430769232,35.691712076923075],[139.75488853846156,35.69171338461538],[139.75464276923077,35.69171469230769],[139.754397,35.691716],[139.754522,35.69193357142857],[139.754348,35.692110142857146],[139.7541275,35.6921741],[139.754087,35.692375],[139.753808,35.692603749999996],[139.753715,35.692679999999996],[139.753622,35.69275625],[139.753436,35.69290875],[139.753343,35.692985],[139.753031,35.693150333333335],[139.752823,35.693260555555554],[139.752592,35.69316885714285],[139.75259466666668,35.69292171428571],[139.75259733333334,35.69267457142857],[139.7526,35.69242742857143],[139.75260266666666,35.69218028571428],[139.75260533333335,35.69193314285714],[139.752608,35.691686],[139.752612,35.69143895238095],[139.75261600000002,35.6911919047619],[139.75262,35.69094485714285],[139.752624,35.69069780952381],[139.752628,35.69045076190476],[139.75259966666667,35.690396533333335],[139.752439,35.6902096],[139.752198,35.6899292],[139.751957,35.6896488],[139.75187666666667,35.68955533333333],[139.75179633333335,35.68946186666667],[139.75163566666666,35.68927493333333],[139.75155533333333,35.68918146666667],[139.7513949,35.68899506666666],[139.7513148,35.68890213333333],[139.7511546,35.68871626666667],[139.7509143,35.68843746666666],[139.750674,35.688158666666666],[139.7504337,35.68787986666667],[139.7502735,35.687694],[139.7502199230769,35.68753415384615],[139.7504656923077,35.68754061538461],[139.75071146153846,35.687547076923074],[139.75095723076925,35.687553538461536],[139.751203,35.68756],[139.7514486923077,35.68756838461538],[139.75169438461538,35.687576769230766],[139.7519400769231,35.68758515384615],[139.75218576923078,35.687593538461535],[139.75243146153846,35.68760192307692],[139.75268466666665,35.687485571428574],[139.75292284615387,35.687618692307694],[139.75316853846155,35.68762707692308],[139.75341423076924,35.68763546153846],[139.75365992307692,35.68764384615385],[139.75390561538464,35.68765223076923],[139.75415130769233,35.687660615384615],[139.754397,35.687669],[139.75464276923077,35.68767853846154],[139.75488853846156,35.687688076923074],[139.75513430769232,35.687697615384614],[139.75538007692307,35.687707153846155],[139.75562584615386,35.68771669230769],[139.75599449999999,35.687731],[139.75623933333333,35.687732714285715],[139.75648603846153,35.68775007692307],[139.7567318076923,35.687759615384614],[139.75697757692308,35.687769153846155],[139.75722334615384,35.68777869230769],[139.7574691153846,35.68778823076923],[139.75771484615385,35.68779807692307],[139.75796053846153,35.68780823076923],[139.75820623076922,35.68781838461538],[139.7584519230769,35.68782853846154],[139.75869761538462,35.68783869230769],[139.7589433076923,35.68784884615385],[139.759189,35.687859],[139.75943469230768,35.68786915384615],[139.75968038461536,35.687879307692306],[139.75992607692308,35.68788946153846],[139.76017176923077,35.687899615384616],[139.76052657142858,35.68797985714286],[139.76066315384614,35.687919923076926],[139.76090884615385,35.68793],[139.76115453846154,35.68794],[139.76140023076923,35.68795],[139.7616459230769,35.68796],[139.76189161538463,35.68797],[139.7621373076923,35.687979999999996],[139.762383,35.68799],[139.7626286923077,35.688],[139.76299723076923,35.688015],[139.7633422857143,35.68797985714286],[139.76333400000001,35.688227000000005],[139.7633257142857,35.688474142857146],[139.76331742857144,35.68872128571429],[139.76330914285714,35.68896842857143],[139.76330128571428,35.68921552380952],[139.76329385714286,35.68946257142857],[139.76328642857143,35.68970961904762],[139.763279,35.68995666666667],[139.76327157142856,35.690203714285715],[139.76326414285714,35.69045076190476],[139.76325671428572,35.69069780952381],[139.7632492857143,35.69094485714285],[139.76324185714284,35.6911919047619],[139.76323442857142,35.69143895238095],[139.763227,35.691686],[139.76348861538463,35.691640538461535],[139.76373430769232,35.691637769230766],[139.76398,35.691635],[139.76422576923076,35.691631538461536],[139.76447153846155,35.691628076923074],[139.7647173076923,35.69162461538461],[139.7649630769231,35.69162115384615],[139.76520884615385,35.69161769230769],[139.7654546153846,35.691614230769225],[139.7657003846154,35.69161076923077],[139.76594615384616,35.69160730769231],[139.76619192307692,35.691603846153846],[139.7664376923077,35.691600384615384],[139.76668346153846,35.69159692307692],[139.76692923076925,35.69159346153846],[139.76726552380953,35.69143895238095],[139.767268,35.691686],[139.76727285714287,35.69193314285714],[139.7672777142857,35.69218028571428],[139.76728257142858,35.69242742857143],[139.76728742857142,35.69267457142857],[139.7672922857143,35.69292171428571],[139.76729714285713,35.69316885714285],[139.767302,35.693416],[139.76730685714284,35.69366314285714],[139.7673117142857,35.69391028571428],[139.76731657142855,35.69415742857142],[139.76732247619046,35.69440457142857],[139.76732942857143,35.69465171428571],[139.76733638095237,35.69489885714285],[139.76734333333332,35.695146],[139.7673502857143,35.69539314285714],[139.76735723809523,35.69564028571428],[139.76736419047617,35.69588742857143],[139.76737114285714,35.69613457142857],[139.7673780952381,35.696381714285714],[139.76738504761906,35.69662885714286],[139.767392,35.696876],[139.7674052857143,35.69724657142857],[139.767175,35.697193],[139.76692923076925,35.69718846153846],[139.76668346153846,35.69718392307692],[139.7664376923077,35.69717938461538],[139.76619192307692,35.69717484615384],[139.76594615384616,35.6971703076923],[139.7657003846154,35.697165769230764],[139.7654546153846,35.69716123076923],[139.76520884615385,35.69715669230769],[139.7649630769231,35.697152153846154],[139.7647173076923,35.697147615384615],[139.76447153846155,35.697143076923076],[139.76422576923076,35.69713853846154],[139.76398,35.697134],[139.76373430769232,35.69712992307692],[139.76348861538463,35.697125846153845],[139.76324292307692,35.69712176923077],[139.763111,35.696876],[139.7626286923077,35.69711157692308],[139.762383,35.6971075],[139.7621373076923,35.69710342307692],[139.76189161538463,35.69709934615384],[139.7616459230769,35.697095269230765],[139.76140023076923,35.69709119230769],[139.76115453846154,35.69708711538461],[139.76090884615385,35.697083038461535],[139.76066315384614,35.697079307692306],[139.76041746153845,35.69707592307692],[139.76017176923077,35.69707253846153],[139.759968,35.696876],[139.75968038461536,35.69706576923077],[139.75943469230768,35.697062384615386],[139.759189,35.697058999999996],[139.7589433076923,35.69705561538461],[139.75869761538462,35.69705223076923],[139.7584519230769,35.69704884615385],[139.75820623076922,35.697045461538465],[139.7580222,35.696699599999995],[139.75794066666668,35.696605],[139.7577776,35.6964158],[139.75769606666668,35.6963212],[139.75753300000002,35.696132],[139.75745146666668,35.6960374],[139.75736993333334,35.6959428],[139.75712533333333,35.695659],[139.75688073333333,35.6953752],[139.75671766666667,35.695186],[139.75663613333336,35.6950914],[139.75640366666667,35.69489885714285],[139.756395,35.69465171428571],[139.75638633333332,35.69440457142857],[139.75637842857142,35.69415742857142],[139.75624026923077,35.69420123076923],[139.75599449999999,35.694198],[139.75562584615386,35.69419315384616],[139.75566333333333,35.693960733333334],[139.75542083333335,35.693678633333334],[139.75517833333333,35.693396533333335],[139.75501666666668,35.69320846666667],[139.75493583333335,35.693114433333335],[139.75477416666666,35.69292636666667],[139.75469333333334,35.692832333333335],[139.75453166666668,35.69264426666667],[139.75445083333332,35.692550233333336],[139.75437,35.6924562],[139.7541275,35.6921741],[139.753885,35.691892],[139.75365992307692,35.69171761538462],[139.753644,35.6916116],[139.75348333333332,35.69142466666667],[139.753403,35.6913312],[139.75324233333333,35.69114426666667],[139.753162,35.6910508],[139.75308166666667,35.69095733333334],[139.752921,35.6907704],[139.75284066666666,35.690676933333336],[139.752628,35.69045076190476],[139.752632,35.690203714285715],[139.752636,35.68995666666667],[139.75263999999999,35.68970961904762],[139.752644,35.68946257142857],[139.752648,35.68921552380952],[139.75265266666665,35.68896842857143],[139.752658,35.68872128571429],[139.75266333333332,35.688474142857146],[139.75266866666666,35.688227000000005],[139.75267399999998,35.68797985714286],[139.75267933333333,35.687732714285715],[139.75268466666665,35.687485571428574],[139.75269,35.68723842857143],[139.75269533333332,35.686991285714285],[139.75270066666667,35.686744142857144],[139.752706,35.686497],[139.7527154285714,35.686126428571434],[139.7527217142857,35.685879380952386],[139.752728,35.68563233333334],[139.75273428571427,35.68538528571429],[139.75274057142857,35.68513823809524]]}},{"type":"Feature","properties":{"index":27,"distanceMetres":8128},"geometry":{"type":"LineString","coordinates":[[139.75274057142857,35.68513823809524],[139.75273428571427,35.68538528571429],[139.752728,35.68563233333334],[139.7527217142857,35.685879380952386],[139.7527154285714,35.686126428571434],[139.752706,35.686497],[139.75270066666667,35.686744142857144],[139.75269533333332,35.686991285714285],[139.75269,35.68723842857143],[139.75268466666665,35.687485571428574],[139.75267933333333,35.687732714285715],[139.75267399999998,35.68797985714286],[139.75266866666666,35.688227000000005],[139.75266333333332,35.688474142857146],[139.752658,35.68872128571429],[139.75265266666665,35.68896842857143],[139.752648,35.68921552380952],[139.752644,35.68946257142857],[139.75263999999999,35.68970961904762],[139.752636,35.68995666666667],[139.752632,35.690203714285715],[139.752628,35.69045076190476],[139.752624,35.69069780952381],[139.75262,35.69094485714285],[139.75261600000002,35.6911919047619],[139.752612,35.69143895238095],[139.752608,35.691686],[139.75267715384615,35.69171976923077],[139.75292284615387,35.69171923076923],[139.75316853846155,35.691718692307695],[139.75341423076924,35.69171815384615],[139.75365992307692,35.69171761538462],[139.753644,35.6916116],[139.75348333333332,35.69142466666667],[139.753403,35.6913312],[139.75324233333333,35.69114426666667],[139.753162,35.6910508],[139.75308166666667,35.69095733333334],[139.752921,35.6907704],[139.75284066666666,35.690676933333336],[139.752628,35.69045076190476],[139.752632,35.690203714285715],[139.752636,35.68995666666667],[139.75263999999999,35.68970961904762],[139.752644,35.68946257142857],[139.752648,35.68921552380952],[139.75265266666665,35.68896842857143],[139.752658,35.68872128571429],[139.75266333333332,35.688474142857146],[139.75266866666666,35.688227000000005],[139.75267399999998,35.68797985714286],[139.75267933333333,35.687732714285715],[139.75268466666665,35.687485571428574],[139.75243146153846,35.68760192307692],[139.75218576923078,35.687593538461535],[139.7519400769231,35.68758515384615],[139.75169438461538,35.687576769230766],[139.7514486923077,35.68756838461538],[139.751203,35.68756],[139.75095723076925,35.687553538461536],[139.75071146153846,35.687547076923074],[139.7504656923077,35.68754061538461],[139.7502199230769,35.68753415384615],[139.7502735,35.687694],[139.7504337,35.68787986666667],[139.750674,35.688158666666666],[139.7509143,35.68843746666666],[139.7511546,35.68871626666667],[139.7513148,35.68890213333333],[139.7513949,35.68899506666666],[139.75155533333333,35.68918146666667],[139.75163566666666,35.68927493333333],[139.75179633333335,35.68946186666667],[139.75187666666667,35.68955533333333],[139.751957,35.6896488],[139.752198,35.6899292],[139.752439,35.6902096],[139.75259966666667,35.690396533333335],[139.752628,35.69045076190476],[139.752632,35.690203714285715],[139.752636,35.68995666666667],[139.75263999999999,35.68970961904762],[139.752644,35.68946257142857],[139.752648,35.68921552380952],[139.75265266666665,35.68896842857143],[139.752658,35.68872128571429],[139.75266333333332,35.688474142857146],[139.75266866666666,35.688227000000005],[139.75267399999998,35.68797985714286],[139.75267933333333,35.687732714285715],[139.75268466666665,35.687485571428574],[139.75243146153846,35.68760192307692],[139.75218576923078,35.687593538461535],[139.7519400769231,35.68758515384615],[139.75169438461538,35.687576769230766],[139.7514486923077,35.68756838461538],[139.751203,35.68756],[139.75095723076925,35.687553538461536],[139.75071146153846,35.687547076923074],[139.7504656923077,35.68754061538461],[139.7502199230769,35.68753415384615],[139.74997415384615,35.68752769230769],[139.7499531,35.68732226666667],[139.74979290000002,35.6871364],[139.7496327,35.68695053333334],[139.7493924,35.686671733333334],[139.7491521,35.68639293333334],[139.74905957142857,35.686126428571434],[139.749046,35.686497],[139.74903819047617,35.686744142857144],[139.74903038095238,35.686991285714285],[139.74902257142855,35.68723842857143],[139.74901476190476,35.687485571428574],[139.7487453076923,35.68749538461538],[139.74837665384615,35.68748569230769],[139.7481308846154,35.68747923076923],[139.74788515384614,35.68747388461538],[139.74763946153845,35.68746965384615],[139.74739376923077,35.68746542307692],[139.74714807692308,35.68746119230769],[139.74690238461537,35.68745696153846],[139.74665669230768,35.68745273076923],[139.746411,35.6874485],[139.74614566666668,35.687485571428574],[139.74591961538462,35.68744003846154],[139.7456739230769,35.68743580769231],[139.74542823076922,35.687431576923075],[139.74518253846153,35.68742734615385],[139.74493684615385,35.68742311538462],[139.74469115384613,35.68742019230769],[139.74444546153845,35.68741857692308],[139.74419976923076,35.68741696153846],[139.74395407692307,35.68741534615385],[139.7437083846154,35.68741373076923],[139.7434626923077,35.68741211538462],[139.74321700000002,35.6874105],[139.7429713076923,35.68740888461538],[139.74272561538461,35.68740726923077],[139.74278433333333,35.68783666666667],[139.742785,35.688083],[139.742814,35.688326333333336],[139.742843,35.688569666666666],[139.742872,35.688813],[139.742949,35.68905066666667],[139.743026,35.68928833333334],[139.743103,35.689526],[139.7431637142857,35.689621],[139.74328514285713,35.689811],[139.74334585714286,35.689906],[139.74346728571427,35.690096],[139.74361585714286,35.69027428571428],[139.74370371428572,35.69035757142857],[139.74379157142857,35.69044085714285],[139.7439672857143,35.690607428571425],[139.74405514285715,35.690690714285715],[139.74423562500002,35.690835125],[139.74432825000002,35.690896249999994],[139.74460612500002,35.691079625],[139.744791375,35.691201875],[139.74507925,35.6913695],[139.74537212500002,35.691529249999995],[139.74546975,35.691582499999996],[139.74542823076922,35.691706884615385],[139.74518253846153,35.69170573076923],[139.74493684615385,35.69170457692308],[139.74469115384613,35.69170303846154],[139.74444546153845,35.69170111538462],[139.74419976923076,35.691699192307695],[139.74395407692307,35.69169726923077],[139.7437083846154,35.69169534615385],[139.7434626923077,35.69169342307693],[139.74321700000002,35.691691500000005],[139.7429713076923,35.691689576923075],[139.74272561538461,35.69168765384615],[139.74247992307693,35.69168573076923],[139.74223423076924,35.69168380769231],[139.741922,35.691686],[139.74174284615387,35.69167996153846],[139.74149711538462,35.69167769230769],[139.74112846153847,35.69167376923077],[139.7408826923077,35.69167115384615],[139.74063692307692,35.69166853846154],[139.74039115384616,35.691665923076926],[139.7401453846154,35.69166330769231],[139.73989961538462,35.69166069230769],[139.73965384615386,35.691658076923076],[139.7394080769231,35.69165546153846],[139.7391623076923,35.69165284615385],[139.73891653846155,35.691650230769234],[139.73867076923077,35.69164761538462],[139.738425,35.691645],[139.73817930769232,35.69164176923077],[139.73793361538463,35.69163853846154],[139.737675,35.691686],[139.73766776190476,35.69143895238095],[139.73766052380952,35.6911919047619],[139.7376532857143,35.69094485714285],[139.73764604761905,35.69069780952381],[139.73763880952382,35.69045076190476],[139.73763157142855,35.690203714285715],[139.73762795238093,35.69008019047619],[139.73762433333332,35.68995666666667],[139.73761709523808,35.68970961904762],[139.73760985714284,35.68946257142857],[139.7376026190476,35.68921552380952],[139.73759657142855,35.68896842857143],[139.7375917142857,35.68872128571429],[139.73758685714284,35.688474142857146],[139.737582,35.688227000000005],[139.73757714285713,35.68797985714286],[139.7375722857143,35.687732714285715],[139.73756742857142,35.687485571428574],[139.73756257142858,35.68723842857143],[139.7375577142857,35.686991285714285],[139.73755285714287,35.686744142857144],[139.737548,35.686497],[139.73754485714286,35.686126428571434],[139.73754276190476,35.685879380952386],[139.73754066666666,35.68563233333334],[139.7375385714286,35.68538528571429],[139.73753647619048,35.68513823809524],[139.73768792307692,35.68526961538462],[139.73793361538463,35.685264076923076],[139.73817930769232,35.68525853846154],[139.738425,35.685253],[139.73867076923077,35.68524615384616],[139.73891653846155,35.685239307692314],[139.7391623076923,35.68523246153846],[139.7394080769231,35.68522561538462],[139.73965384615386,35.68521876923077],[139.73989961538462,35.68521192307693],[139.7401453846154,35.685205076923076],[139.74039115384616,35.68519823076923],[139.74063692307692,35.685191384615386],[139.7408826923077,35.68518453846154],[139.74112846153847,35.68517769230769],[139.74149711538462,35.685167423076926],[139.74175138095237,35.68513823809524],[139.74175785714286,35.68538528571429],[139.74176433333332,35.68563233333334],[139.74177080952379,35.685879380952386],[139.74177728571428,35.686126428571434],[139.741787,35.686497],[139.74179347619045,35.686744142857144],[139.74179995238094,35.686991285714285],[139.7418064285714,35.68723842857143],[139.7418129047619,35.687485571428574],[139.74149711538462,35.687400576923075],[139.74112846153847,35.6874023076923],[139.7408826923077,35.68740346153846],[139.74063692307692,35.687404615384615],[139.74039115384616,35.687405769230764],[139.7401453846154,35.68740692307692],[139.73989961538462,35.68740807692308],[139.73965384615386,35.687409230769234],[139.7394080769231,35.68741038461538],[139.7391623076923,35.68741153846154],[139.73891653846155,35.687412692307696],[139.73867076923077,35.687413846153845],[139.738425,35.687415],[139.73817930769232,35.68741876923077],[139.73793361538463,35.68742253846154],[139.73768792307692,35.687426307692306],[139.73756742857142,35.687485571428574],[139.73756257142858,35.68723842857143],[139.7375577142857,35.686991285714285],[139.73755285714287,35.686744142857144],[139.737548,35.686497],[139.73754485714286,35.686126428571434],[139.73754276190476,35.685879380952386],[139.73754066666666,35.68563233333334],[139.7375385714286,35.68538528571429],[139.73753647619048,35.68513823809524],[139.73768792307692,35.68526961538462],[139.73793361538463,35.685264076923076],[139.73817930769232,35.68525853846154],[139.738425,35.685253],[139.73867076923077,35.68524615384616],[139.73891653846155,35.685239307692314],[139.7391623076923,35.68523246153846],[139.7394080769231,35.68522561538462],[139.73965384615386,35.68521876923077],[139.73989961538462,35.68521192307693],[139.7401453846154,35.685205076923076],[139.74039115384616,35.68519823076923],[139.74063692307692,35.685191384615386],[139.7408826923077,35.68518453846154],[139.74112846153847,35.68517769230769],[139.74149711538462,35.685167423076926],[139.74175138095237,35.68513823809524],[139.74198853846156,35.685152692307696],[139.74223423076924,35.68514515384615],[139.74247992307693,35.68513761538462],[139.74272561538461,35.68513007692307],[139.7429713076923,35.68512253846154],[139.74321700000002,35.685114999999996],[139.7434626923077,35.685107461538465],[139.7437083846154,35.68509992307692],[139.74395407692307,35.68509238461539],[139.74419976923076,35.68508484615384],[139.74444546153845,35.68507730769231],[139.74469115384613,35.685069769230765],[139.74493684615385,35.685062153846154],[139.74518253846153,35.68505446153846],[139.74542823076922,35.685046769230766],[139.7456739230769,35.685039076923076],[139.74591961538462,35.685031384615385],[139.74618742857143,35.68489119047619],[139.746411,35.685016000000005],[139.74665669230768,35.68500830769231],[139.74690238461537,35.68500061538462],[139.74714807692308,35.684992923076926],[139.74739376923077,35.684985230769236],[139.74763946153845,35.68497753846154],[139.74788515384614,35.68496984615385],[139.7481308846154,35.684962346153846],[139.74837665384615,35.68495503846154],[139.7487453076923,35.68494407692308],[139.7491048095238,35.68489119047619],[139.74923684615385,35.68492946153847],[139.7494826153846,35.68492215384616],[139.7497283846154,35.684914846153845],[139.74997415384615,35.68490753846154],[139.7502199230769,35.68490023076923],[139.7504656923077,35.68489292307692],[139.750667,35.68487857142857],[139.75089514285713,35.68488685714286],[139.75123757142856,35.68489842857143],[139.75146585714285,35.684906142857145],[139.75169414285713,35.68491314285715],[139.75192242857142,35.68491942857143],[139.7521507142857,35.68492571428572],[139.752379,35.684932],[139.75272099999998,35.68494057142858],[139.75274057142857,35.68513823809524]]}},{"type":"Feature","properties":{"index":28,"distanceMetres":8356},"geometry":{"type":"LineString","coordinates":[[139.75274057142857,35.68513823809524],[139.75273428571427,35.68538528571429],[139.752728,35.68563233333334],[139.7527217142857,35.685879380952386],[139.7527154285714,35.686126428571434],[139.752706,35.686497],[139.75270066666667,35.686744142857144],[139.75269533333332,35.686991285714285],[139.75269,35.68723842857143],[139.75268466666665,35.687485571428574],[139.75267933333333,35.687732714285715],[139.75267399999998,35.68797985714286],[139.75266866666666,35.688227000000005],[139.75266333333332,35.688474142857146],[139.752658,35.68872128571429],[139.75265266666665,35.68896842857143],[139.752648,35.68921552380952],[139.752644,35.68946257142857],[139.75263999999999,35.68970961904762],[139.752636,35.68995666666667],[139.752632,35.690203714285715],[139.752628,35.69045076190476],[139.752624,35.69069780952381],[139.75262,35.69094485714285],[139.75261600000002,35.6911919047619],[139.752612,35.69143895238095],[139.752608,35.691686],[139.75267715384615,35.69171976923077],[139.75292284615387,35.69171923076923],[139.75316853846155,35.691718692307695],[139.75341423076924,35.69171815384615],[139.75365992307692,35.69171761538462],[139.753885,35.691892],[139.7541275,35.6921741],[139.754087,35.692375],[139.753808,35.692603749999996],[139.753715,35.692679999999996],[139.753622,35.69275625],[139.753436,35.69290875],[139.753343,35.692985],[139.753031,35.693150333333335],[139.752823,35.693260555555554],[139.752592,35.69316885714285],[139.75259466666668,35.69292171428571],[139.75259733333334,35.69267457142857],[139.7526,35.69242742857143],[139.75260266666666,35.69218028571428],[139.75260533333335,35.69193314285714],[139.752608,35.691686],[139.752612,35.69143895238095],[139.75261600000002,35.6911919047619],[139.75262,35.69094485714285],[139.752624,35.69069780952381],[139.752628,35.69045076190476],[139.752632,35.690203714285715],[139.752636,35.68995666666667],[139.75263999999999,35.68970961904762],[139.752644,35.68946257142857],[139.752648,35.68921552380952],[139.75265266666665,35.68896842857143],[139.752658,35.68872128571429],[139.75266333333332,35.688474142857146],[139.75266866666666,35.688227000000005],[139.75267399999998,35.68797985714286],[139.75267933333333,35.687732714285715],[139.75268466666665,35.687485571428574],[139.75269,35.68723842857143],[139.75269533333332,35.686991285714285],[139.75270066666667,35.686744142857144],[139.752706,35.686497],[139.7527154285714,35.686126428571434],[139.7527217142857,35.685879380952386],[139.752728,35.68563233333334],[139.75273428571427,35.68538528571429],[139.75274057142857,35.68513823809524],[139.75272099999998,35.68494057142858],[139.752379,35.684932],[139.7521507142857,35.68492571428572],[139.75192242857142,35.68491942857143],[139.75169414285713,35.68491314285715],[139.75146585714285,35.684906142857145],[139.75123757142856,35.68489842857143],[139.75089514285713,35.68488685714286],[139.750667,35.68487857142857],[139.750439,35.68486971428571],[139.75021099999998,35.68486085714286],[139.749983,35.684852],[139.74964057142856,35.684836142857144],[139.7494122857143,35.68482557142857],[139.749184,35.684815],[139.74895600000002,35.68480242857143],[139.74912290476192,35.6843970952381],[139.74913195238096,35.68415004761905],[139.749141,35.683903],[139.74915061904764,35.68365585714286],[139.74901138709677,35.683830645161294],[139.7489028064516,35.68389167741935],[139.7486856451613,35.68401374193549],[139.74857706451613,35.68407477419355],[139.74846848387097,35.684135806451614],[139.74814274193548,35.68431890322581],[139.74792558064516,35.684440967741935],[139.74771134374998,35.6845614375],[139.7476056875,35.684620875],[139.74770114285715,35.68472642857143],[139.74792942857144,35.68474128571429],[139.74815771428572,35.68475614285714],[139.748386,35.684771],[139.748728,35.68478985714285],[139.74895600000002,35.68480242857143],[139.749184,35.684815],[139.7494122857143,35.68482557142857],[139.74964057142856,35.684836142857144],[139.749983,35.684852],[139.75021099999998,35.68486085714286],[139.750439,35.68486971428571],[139.750667,35.68487857142857],[139.75089514285713,35.68488685714286],[139.75123757142856,35.68489842857143],[139.75146585714285,35.684906142857145],[139.75169414285713,35.68491314285715],[139.75192242857142,35.68491942857143],[139.7521507142857,35.68492571428572],[139.752379,35.684932],[139.75272099999998,35.68494057142858],[139.75274057142857,35.68513823809524],[139.75273428571427,35.68538528571429],[139.752728,35.68563233333334],[139.7527217142857,35.685879380952386],[139.7527154285714,35.686126428571434],[139.752706,35.686497],[139.75270066666667,35.686744142857144],[139.75269533333332,35.686991285714285],[139.75269,35.68723842857143],[139.75268466666665,35.687485571428574],[139.75243146153846,35.68760192307692],[139.75218576923078,35.687593538461535],[139.7519400769231,35.68758515384615],[139.75169438461538,35.687576769230766],[139.7514486923077,35.68756838461538],[139.751203,35.68756],[139.75095723076925,35.687553538461536],[139.75071146153846,35.687547076923074],[139.7504656923077,35.68754061538461],[139.7502199230769,35.68753415384615],[139.7502735,35.687694],[139.7504337,35.68787986666667],[139.750674,35.688158666666666],[139.7509143,35.68843746666666],[139.7511546,35.68871626666667],[139.7513148,35.68890213333333],[139.7513949,35.68899506666666],[139.75155533333333,35.68918146666667],[139.75163566666666,35.68927493333333],[139.75179633333335,35.68946186666667],[139.75187666666667,35.68955533333333],[139.751957,35.6896488],[139.752198,35.6899292],[139.752439,35.6902096],[139.75259966666667,35.690396533333335],[139.752628,35.69045076190476],[139.752632,35.690203714285715],[139.752636,35.68995666666667],[139.75263999999999,35.68970961904762],[139.752644,35.68946257142857],[139.752648,35.68921552380952],[139.75265266666665,35.68896842857143],[139.752658,35.68872128571429],[139.75266333333332,35.688474142857146],[139.75266866666666,35.688227000000005],[139.75267399999998,35.68797985714286],[139.75267933333333,35.687732714285715],[139.75268466666665,35.687485571428574],[139.75269,35.68723842857143],[139.75269533333332,35.686991285714285],[139.75270066666667,35.686744142857144],[139.752706,35.686497],[139.7527154285714,35.686126428571434],[139.7527217142857,35.685879380952386],[139.752728,35.68563233333334],[139.75273428571427,35.68538528571429],[139.75274057142857,35.68513823809524],[139.75272099999998,35.68494057142858],[139.752949,35.68494628571429],[139.753177,35.684952],[139.75340528571428,35.684956285714286],[139.75363357142857,35.684960571428576],[139.753976,35.684967],[139.754204,35.68496842857143],[139.754432,35.68496985714286],[139.75466,35.68497128571429],[139.75488814285714,35.684971857142855],[139.75523057142857,35.68497142857143],[139.75545885714286,35.684971142857144],[139.75568714285714,35.68497],[139.75591542857143,35.684968],[139.7561437142857,35.684966],[139.7562252857143,35.684644142857145],[139.7562251904762,35.6843970952381],[139.7562250952381,35.68415004761905],[139.756225,35.683903],[139.75622747619047,35.68365585714286],[139.75622995238095,35.68340871428572],[139.75623242857142,35.68316157142857],[139.7562349047619,35.68291442857143],[139.75623738095237,35.68266728571429],[139.75648603846153,35.68274569230769],[139.7567318076923,35.68274353846154],[139.75697757692308,35.68274138461538],[139.75722334615384,35.68273923076923],[139.7574691153846,35.682737076923075],[139.75771484615385,35.68273442307692],[139.75796053846153,35.68273126923077],[139.75820623076922,35.68272811538461],[139.7584519230769,35.68272496153846],[139.75869761538462,35.68272180769231],[139.7589433076923,35.68271865384615],[139.759189,35.6827155],[139.75943469230768,35.68271234615385],[139.75968038461536,35.68270919230769],[139.75992607692308,35.68270603846154],[139.76017176923077,35.68270288461539],[139.76041746153845,35.68269973076923],[139.7607208095238,35.68266728571429],[139.76090884615385,35.68269292307693],[139.76115453846154,35.68268876923077],[139.76140023076923,35.682684615384616],[139.7616459230769,35.68268046153846],[139.76189161538463,35.68267630769231],[139.7621373076923,35.682672153846156],[139.762383,35.682668],[139.7626286923077,35.682663846153844],[139.76299723076923,35.68265761538461],[139.76324292307692,35.68265346153846],[139.76353219047618,35.68266728571429],[139.76354142857144,35.68242014285715],[139.76355066666667,35.682173],[139.7635599047619,35.68192585714286],[139.76356914285716,35.68167871428572],[139.7635783809524,35.681431571428575],[139.76358766666667,35.68118447619048],[139.763597,35.68093742857143],[139.76360633333334,35.680690380952385],[139.76361566666668,35.680443333333336],[139.76362033333334,35.68031980952381],[139.763625,35.68019628571429],[139.76363433333333,35.67994923809524],[139.76364366666667,35.67970219047619],[139.763653,35.679455142857144],[139.76366233333331,35.679208095238096],[139.76367166666665,35.67896104761905],[139.763681,35.678714],[139.76369004761904,35.67846685714286],[139.76369909523808,35.67821971428572],[139.76370814285713,35.67797257142857],[139.7637171904762,35.67772542857143],[139.76372623809524,35.67747828571429],[139.7637352857143,35.677231142857146],[139.76374433333334,35.676984],[139.76375338095238,35.676736857142856],[139.76376242857143,35.676489714285715],[139.76377147619047,35.676242571428574],[139.76378023809525,35.675995428571426],[139.7637887142857,35.675748285714285],[139.76388,35.67559667741935],[139.764207,35.675419387096774],[139.764316,35.67536029032258],[139.764207,35.675419387096774],[139.76388,35.67559667741935],[139.7637887142857,35.675748285714285],[139.76344400000002,35.67583306451613],[139.76324292307692,35.67592853846154],[139.76299723076923,35.67592238461538],[139.762899,35.67612854838709],[139.76268100000001,35.67624674193548],[139.762463,35.67636493548387],[139.762136,35.67654222580645],[139.76202700000002,35.676601322580645],[139.761918,35.67666041935484],[139.76170000000002,35.67677861290322],[139.761591,35.676837709677415],[139.761482,35.67689680645161],[139.76115545161292,35.67707464516129],[139.76093835483871,35.67719393548387],[139.76072114285716,35.677231142857146],[139.76061270967742,35.67737287096774],[139.76039561290324,35.67749216129032],[139.76017851612903,35.6776114516129],[139.75996141935485,35.677730741935484],[139.75974432258064,35.677850032258064],[139.75963577419355,35.67790967741935],[139.75941867741938,35.67802896774193],[139.75931012903226,35.678088612903224],[139.75920158064517,35.67814825806451],[139.75887593548387,35.678327193548384],[139.7586588387097,35.678446483870964],[139.75844174193548,35.678565774193544],[139.7582246451613,35.678685064516124],[139.757899,35.678864],[139.75771484615385,35.67903661538462],[139.7574691153846,35.679035730769236],[139.7571407419355,35.679285354838704],[139.75703241935483,35.6793455483871],[139.75692409677418,35.67940574193548],[139.7567074516129,35.679526129032254],[139.75659912903225,35.67958632258064],[139.75638248387096,35.67970670967742],[139.75628257142859,35.67970219047619],[139.7559491935484,35.67994748387096],[139.7557325483871,35.68006787096774],[139.75540758064517,35.6802484516129],[139.75519093548385,35.680368838709676],[139.75497429032256,35.68048922580645],[139.75475764516128,35.680609612903226],[139.75464932258063,35.68066980645161],[139.75443267741935,35.68079064516129],[139.7543243548387,35.68085129032258],[139.75421603225806,35.68091193548387],[139.75389106451613,35.681093870967736],[139.75367441935484,35.68121516129032],[139.75345777419355,35.6813364516129],[139.75313280645162,35.68151838709677],[139.75302448387097,35.681579032258064],[139.75291616129033,35.681639677419355],[139.75283714285715,35.68167871428572],[139.7528299047619,35.68192585714286],[139.75282266666667,35.682173],[139.75281542857144,35.68242014285715],[139.75280819047617,35.68266728571429],[139.75280095238094,35.68291442857143],[139.7527937142857,35.68316157142857],[139.75278647619047,35.68340871428572],[139.75277923809523,35.68365585714286],[139.752772,35.683903],[139.75276571428572,35.68415004761905],[139.7527594285714,35.6843970952381],[139.75275314285713,35.684644142857145],[139.75272099999998,35.68494057142858],[139.75274057142857,35.68513823809524]]}},{"type":"Feature","properties":{"index":29,"distanceMetres":8733},"geometry":{"type":"LineString","coordinates":[[139.75274057142857,35.68513823809524],[139.75272099999998,35.68494057142858],[139.75275314285713,35.684644142857145],[139.75292284615387,35.684826307692305],[139.75316853846155,35.68481992307692],[139.75341423076924,35.68481353846154],[139.75365992307692,35.68480715384615],[139.75390561538464,35.68480076923077],[139.75415130769233,35.68479438461538],[139.754397,35.684788],[139.75464276923077,35.684782999999996],[139.75488853846156,35.684777999999994],[139.75513430769232,35.684773],[139.75538007692307,35.684768],[139.75562584615386,35.684763],[139.75599449999999,35.684755499999994],[139.7562252857143,35.684644142857145],[139.7562251904762,35.6843970952381],[139.7562250952381,35.68415004761905],[139.756225,35.683903],[139.75622747619047,35.68365585714286],[139.75622995238095,35.68340871428572],[139.75623242857142,35.68316157142857],[139.7562349047619,35.68291442857143],[139.75623738095237,35.68266728571429],[139.75648603846153,35.68274569230769],[139.7567318076923,35.68274353846154],[139.75697757692308,35.68274138461538],[139.75722334615384,35.68273923076923],[139.7574691153846,35.682737076923075],[139.75771484615385,35.68273442307692],[139.75796053846153,35.68273126923077],[139.75820623076922,35.68272811538461],[139.7584519230769,35.68272496153846],[139.75869761538462,35.68272180769231],[139.7589433076923,35.68271865384615],[139.759189,35.6827155],[139.75943469230768,35.68271234615385],[139.75968038461536,35.68270919230769],[139.75992607692308,35.68270603846154],[139.76017176923077,35.68270288461539],[139.76041746153845,35.68269973076923],[139.7607208095238,35.68266728571429],[139.76072557142857,35.68242014285715],[139.76073033333333,35.682173],[139.7607350952381,35.68192585714286],[139.76073985714285,35.68167871428572],[139.7607446190476,35.681431571428575],[139.76074704761905,35.68118447619048],[139.76074714285716,35.68093742857143],[139.76074723809523,35.680690380952385],[139.76074733333334,35.680443333333336],[139.76074742857145,35.68019628571429],[139.76074752380953,35.67994923809524],[139.76074761904763,35.67970219047619],[139.7607477142857,35.679455142857144],[139.76074780952382,35.679208095238096],[139.7607479047619,35.67896104761905],[139.76041746153845,35.679050153846156],[139.76017176923077,35.67904892307692],[139.75992607692308,35.67904769230769],[139.75968038461536,35.67904646153846],[139.75943469230768,35.67904523076923],[139.759189,35.679044000000005],[139.7589433076923,35.67904276923077],[139.75869761538462,35.67904153846154],[139.7584519230769,35.67904030769231],[139.75820623076922,35.67903907692308],[139.75796053846153,35.67903784615385],[139.75771484615385,35.67903661538462],[139.7574691153846,35.679035730769236],[139.75722334615384,35.679035192307694],[139.75697757692308,35.67903465384616],[139.7567318076923,35.67903411538462],[139.75648603846153,35.67903357692308],[139.75629714285714,35.67896104761905],[139.756302,35.678714],[139.75630904761906,35.67846685714286],[139.7563160952381,35.67821971428572],[139.75632314285716,35.67797257142857],[139.75633019047618,35.67772542857143],[139.75633723809523,35.67747828571429],[139.75634428571428,35.677231142857146],[139.75635133333333,35.676984],[139.75635838095238,35.676736857142856],[139.75636542857143,35.676489714285715],[139.75637247619048,35.676242571428574],[139.75638028571427,35.675995428571426],[139.75638885714284,35.675748285714285],[139.75640171428572,35.67537757142857],[139.75641028571428,35.67513042857143],[139.75641885714285,35.67488328571429],[139.7564274285714,35.674636142857146],[139.75643599999998,35.674389],[139.75644457142857,35.67414185714286],[139.75645314285714,35.673894714285716],[139.7564617142857,35.673647571428575],[139.7564708095238,35.67340047619048],[139.75648042857142,35.67315342857143],[139.75649004761902,35.672906380952384],[139.75649966666666,35.672659333333335],[139.7565092857143,35.67241228571429],[139.7565189047619,35.67216523809524],[139.75652852380952,35.67191819047619],[139.75653814285712,35.67167114285714],[139.75654776190476,35.671424095238095],[139.75655738095236,35.67117704761905],[139.756567,35.67093],[139.75657690476189,35.67068285714286],[139.7567318076923,35.67070892307692],[139.75697757692308,35.67070923076923],[139.75722334615384,35.67070953846154],[139.7574691153846,35.67070984615385],[139.75771484615385,35.670709],[139.75796053846153,35.670707],[139.75820623076922,35.670705],[139.7584519230769,35.670703],[139.75869761538462,35.670701],[139.7589433076923,35.670699],[139.759189,35.670697000000004],[139.75943469230768,35.670695],[139.75968038461536,35.670693],[139.75992607692308,35.670691],[139.76017176923077,35.670689],[139.76046304761906,35.67068285714286],[139.7604480952381,35.670435714285716],[139.76043314285715,35.67018857142857],[139.7604181904762,35.66994142857143],[139.76040323809525,35.669694285714286],[139.7603882857143,35.669447142857145],[139.7603808095238,35.66932357142857],[139.76037333333335,35.6692],[139.7603583809524,35.668952857142855],[139.76034342857145,35.668705714285714],[139.7603284761905,35.66845857142857],[139.76031285714285,35.66821147619048],[139.76029657142857,35.66796442857143],[139.7602802857143,35.66771738095238],[139.760264,35.667470333333334],[139.76024771428573,35.667223285714286],[139.76023142857144,35.66697623809524],[139.76021514285716,35.66672919047619],[139.76019885714285,35.66648214285714],[139.76018257142857,35.66623509523809],[139.7601662857143,35.665988047619045],[139.76015,35.665741],[139.76013352380954,35.665493857142856],[139.76012528571428,35.66537028571428],[139.76011704761905,35.665246714285715],[139.76009233333335,35.664876],[139.75968038461536,35.664970884615386],[139.75943469230768,35.66497019230769],[139.759189,35.6649695],[139.7589433076923,35.66496880769231],[139.75869761538462,35.66496811538462],[139.7584519230769,35.664967423076924],[139.75820623076922,35.66496673076923],[139.75796053846153,35.66496603846154],[139.75771484615385,35.66496534615385],[139.7574691153846,35.664963923076925],[139.75722334615384,35.66496176923077],[139.75697757692308,35.66495961538462],[139.75680200000002,35.664876],[139.75678914285714,35.665246714285715],[139.75678057142858,35.665493857142856],[139.756772,35.665741],[139.75676238095238,35.665988047619045],[139.75675276190478,35.66623509523809],[139.75674314285715,35.66648214285714],[139.75673352380954,35.66672919047619],[139.7567239047619,35.66697623809524],[139.7567142857143,35.667223285714286],[139.75670466666668,35.667470333333334],[139.75648603846153,35.6674505],[139.75624026923077,35.6674475],[139.75599449999999,35.6674445],[139.75562584615386,35.66744],[139.75538007692307,35.667437],[139.75513430769232,35.667434],[139.75488853846156,35.667431],[139.75464276923077,35.667428],[139.754397,35.667425],[139.75415130769233,35.667422],[139.75390561538464,35.667419],[139.75365992307692,35.667416],[139.75341423076924,35.667413],[139.75329066666666,35.667470333333334],[139.75292284615387,35.667407000000004],[139.75267715384615,35.667404],[139.75243146153846,35.667401],[139.75218576923078,35.667398],[139.7519400769231,35.667395],[139.75169438461538,35.667392],[139.7514486923077,35.667389],[139.751203,35.667386],[139.75095723076925,35.667383],[139.75071146153846,35.66738],[139.7504656923077,35.667377],[139.7503428076923,35.6673755],[139.7502199230769,35.667374],[139.74997415384615,35.667371],[139.7497283846154,35.667368],[139.74960442857144,35.667223285714286],[139.74960366666667,35.667470333333334],[139.7496029047619,35.66771738095238],[139.74960214285716,35.66796442857143],[139.74960138095238,35.66821147619048],[139.74959942857143,35.66845857142857],[139.7495962857143,35.668705714285714],[139.74959314285715,35.668952857142855],[139.74959,35.6692],[139.74958685714287,35.669447142857145],[139.74958371428573,35.669694285714286],[139.7495805714286,35.66994142857143],[139.74957742857143,35.67018857142857],[139.7495742857143,35.670435714285716],[139.74957114285715,35.67068285714286],[139.7497283846154,35.670642384615384],[139.74997415384615,35.670647153846154],[139.7502199230769,35.670651923076925],[139.7504656923077,35.67065669230769],[139.75071146153846,35.67066146153846],[139.75095723076925,35.67066623076923],[139.751203,35.670671],[139.7514486923077,35.670673692307695],[139.75169438461538,35.67067638461538],[139.7519400769231,35.67067907692308],[139.75218576923078,35.67068176923077],[139.75243146153846,35.670684461538464],[139.75267715384615,35.67068715384615],[139.75292284615387,35.67068984615385],[139.7531946190476,35.67068285714286],[139.753187,35.67093],[139.753179,35.67117704761905],[139.753171,35.671424095238095],[139.753163,35.67167114285714],[139.753155,35.67191819047619],[139.753147,35.67216523809524],[139.753139,35.67241228571429],[139.753131,35.672659333333335],[139.75312300000002,35.672906380952384],[139.753115,35.67315342857143],[139.75267715384615,35.67318430769231],[139.75243146153846,35.67318892307692],[139.75218576923078,35.67319353846154],[139.7519400769231,35.67319815384615],[139.75169438461538,35.67320276923077],[139.7514486923077,35.67320738461538],[139.751203,35.673212],[139.75095723076925,35.67321630769231],[139.75071146153846,35.673220615384615],[139.7504656923077,35.67322492307692],[139.7502199230769,35.67322923076923],[139.74997415384615,35.67323353846154],[139.7497283846154,35.673237846153846],[139.7495182857143,35.67315342857143],[139.7495238095238,35.672906380952384],[139.74952933333333,35.672659333333335],[139.74953485714286,35.67241228571429],[139.74954038095237,35.67216523809524],[139.7495459047619,35.67191819047619],[139.74955142857144,35.67167114285714],[139.74955695238097,35.671424095238095],[139.74956247619048,35.67117704761905],[139.749568,35.67093],[139.74957114285715,35.67068285714286],[139.7495742857143,35.670435714285716],[139.74957742857143,35.67018857142857],[139.7495805714286,35.66994142857143],[139.74958371428573,35.669694285714286],[139.7495805714286,35.66994142857143],[139.74957742857143,35.67018857142857],[139.7495742857143,35.670435714285716],[139.74957114285715,35.67068285714286],[139.749568,35.67093],[139.74956247619048,35.67117704761905],[139.74955695238097,35.671424095238095],[139.74955142857144,35.67167114285714],[139.7495459047619,35.67191819047619],[139.74954038095237,35.67216523809524],[139.74953485714286,35.67241228571429],[139.74952933333333,35.672659333333335],[139.7495238095238,35.672906380952384],[139.7495182857143,35.67315342857143],[139.74951276190475,35.67340047619048],[139.74950633333333,35.673647571428575],[139.749499,35.673894714285716],[139.74949166666667,35.67414185714286],[139.74948433333333,35.674389],[139.74947699999998,35.674636142857146],[139.74946966666667,35.67488328571429],[139.74946233333333,35.67513042857143],[139.749455,35.67537757142857],[139.749444,35.675748285714285],[139.74943666666667,35.675995428571426],[139.74942861904762,35.676242571428574],[139.74941985714287,35.676489714285715],[139.7494110952381,35.676736857142856],[139.74940233333334,35.676984],[139.74939357142858,35.677231142857146],[139.7493848095238,35.67747828571429],[139.74937604761905,35.67772542857143],[139.74937166666666,35.677849],[139.74936728571427,35.67797257142857],[139.74935852380952,35.67821971428572],[139.74934976190474,35.67846685714286],[139.749341,35.678714],[139.74933157142857,35.67896104761905],[139.74932214285712,35.679208095238096],[139.7493127142857,35.679455142857144],[139.7493032857143,35.67970219047619],[139.74929385714285,35.67994923809524],[139.74928442857143,35.68019628571429],[139.749275,35.680443333333336],[139.74926557142857,35.680690380952385],[139.74925614285715,35.68093742857143],[139.74924671428573,35.68118447619048],[139.7492371904762,35.681431571428575],[139.74922757142858,35.68167871428572],[139.74921795238097,35.68192585714286],[139.74920833333334,35.682173],[139.7491987142857,35.68242014285715],[139.7491890952381,35.68266728571429],[139.74917947619048,35.68291442857143],[139.74916985714287,35.68316157142857],[139.74916023809524,35.68340871428572],[139.74915061904764,35.68365585714286],[139.749141,35.683903],[139.74913195238096,35.68415004761905],[139.74912290476192,35.6843970952381],[139.74895600000002,35.68480242857143],[139.749184,35.684815],[139.7494122857143,35.68482557142857],[139.74964057142856,35.684836142857144],[139.749983,35.684852],[139.75021099999998,35.68486085714286],[139.750439,35.68486971428571],[139.750667,35.68487857142857],[139.75089514285713,35.68488685714286],[139.75123757142856,35.68489842857143],[139.75146585714285,35.684906142857145],[139.75169414285713,35.68491314285715],[139.75192242857142,35.68491942857143],[139.7521507142857,35.68492571428572],[139.752379,35.684932],[139.75272099999998,35.68494057142858],[139.75274057142857,35.68513823809524]]}},{"type":"Feature","properties":{"index":30,"distanceMetres":8747},"geometry":{"type":"LineString","coordinates":[[139.75274057142857,35.68513823809524],[139.75273428571427,35.68538528571429],[139.752728,35.68563233333334],[139.7527217142857,35.685879380952386],[139.7527154285714,35.686126428571434],[139.752706,35.686497],[139.75270066666667,35.686744142857144],[139.75269533333332,35.686991285714285],[139.75269,35.68723842857143],[139.75268466666665,35.687485571428574],[139.75267933333333,35.687732714285715],[139.75267399999998,35.68797985714286],[139.75266866666666,35.688227000000005],[139.75266333333332,35.688474142857146],[139.752658,35.68872128571429],[139.75265266666665,35.68896842857143],[139.752648,35.68921552380952],[139.752644,35.68946257142857],[139.75263999999999,35.68970961904762],[139.752636,35.68995666666667],[139.752632,35.690203714285715],[139.752628,35.69045076190476],[139.75284066666666,35.690676933333336],[139.752921,35.6907704],[139.75308166666667,35.69095733333334],[139.753162,35.6910508],[139.75324233333333,35.69114426666667],[139.753403,35.6913312],[139.75348333333332,35.69142466666667],[139.753644,35.6916116],[139.75365992307692,35.69171761538462],[139.753885,35.691892],[139.7541275,35.6921741],[139.75437,35.6924562],[139.75445083333332,35.692550233333336],[139.75453166666668,35.69264426666667],[139.75469333333334,35.692832333333335],[139.75477416666666,35.69292636666667],[139.75493583333335,35.693114433333335],[139.75501666666668,35.69320846666667],[139.75517833333333,35.693396533333335],[139.75542083333335,35.693678633333334],[139.75566333333333,35.693960733333334],[139.75562584615386,35.69419315384616],[139.75599449999999,35.694198],[139.75624026923077,35.69420123076923],[139.75637842857142,35.69415742857142],[139.7563712857143,35.69391028571428],[139.75636414285714,35.69366314285714],[139.756357,35.693416],[139.75634985714285,35.69316885714285],[139.75634271428572,35.69292171428571],[139.75633557142856,35.69267457142857],[139.75632842857144,35.69242742857143],[139.75632128571428,35.69218028571428],[139.75631414285715,35.69193314285714],[139.756307,35.691686],[139.75630195238094,35.69143895238095],[139.7562969047619,35.6911919047619],[139.75629185714286,35.69094485714285],[139.7562868095238,35.69069780952381],[139.75628176190477,35.69045076190476],[139.75627671428572,35.690203714285715],[139.75637814285713,35.690179428571426],[139.75662014285714,35.689927],[139.75685285714286,35.689666],[139.75706185714287,35.68939471428572],[139.75711571428573,35.68929742857143],[139.7571695714286,35.689200142857146],[139.75733114285714,35.688908285714284],[139.75741033333333,35.68868966666667],[139.757461,35.688447],[139.7575116666667,35.68820433333333],[139.757537,35.688083],[139.7575116666667,35.68820433333333],[139.757461,35.688447],[139.75741033333333,35.68868966666667],[139.75733114285714,35.688908285714284],[139.7571695714286,35.689200142857146],[139.75711571428573,35.68929742857143],[139.75706185714287,35.68939471428572],[139.75685285714286,35.689666],[139.75662014285714,35.689927],[139.75637814285713,35.690179428571426],[139.75627671428572,35.690203714285715],[139.75627166666666,35.68995666666667],[139.75626661904764,35.68970961904762],[139.75626157142858,35.68946257142857],[139.75625652380953,35.68921552380952],[139.75625266666668,35.68896842857143],[139.75625000000002,35.68872128571429],[139.75624733333333,35.688474142857146],[139.75624466666667,35.688227000000005],[139.75624200000001,35.68797985714286],[139.75623933333333,35.687732714285715],[139.75599449999999,35.687731],[139.75562584615386,35.68771669230769],[139.75538007692307,35.687707153846155],[139.75513430769232,35.687697615384614],[139.75488853846156,35.687688076923074],[139.75464276923077,35.68767853846154],[139.754397,35.687669],[139.75415130769233,35.687660615384615],[139.75390561538464,35.68765223076923],[139.75365992307692,35.68764384615385],[139.75341423076924,35.68763546153846],[139.75316853846155,35.68762707692308],[139.75292284615387,35.687618692307694],[139.75268466666665,35.687485571428574],[139.75269,35.68723842857143],[139.75269533333332,35.686991285714285],[139.75270066666667,35.686744142857144],[139.752706,35.686497],[139.7527154285714,35.686126428571434],[139.7527217142857,35.685879380952386],[139.752728,35.68563233333334],[139.75273428571427,35.68538528571429],[139.75274057142857,35.68513823809524],[139.75272099999998,35.68494057142858],[139.75275314285713,35.684644142857145],[139.75292284615387,35.684826307692305],[139.75316853846155,35.68481992307692],[139.75341423076924,35.68481353846154],[139.75365992307692,35.68480715384615],[139.75390561538464,35.68480076923077],[139.75415130769233,35.68479438461538],[139.754397,35.684788],[139.75464276923077,35.684782999999996],[139.75488853846156,35.684777999999994],[139.75513430769232,35.684773],[139.75538007692307,35.684768],[139.75562584615386,35.684763],[139.75599449999999,35.684755499999994],[139.7562252857143,35.684644142857145],[139.7562251904762,35.6843970952381],[139.7562250952381,35.68415004761905],[139.756225,35.683903],[139.75622747619047,35.68365585714286],[139.75622995238095,35.68340871428572],[139.75623242857142,35.68316157142857],[139.7562349047619,35.68291442857143],[139.75623738095237,35.68266728571429],[139.75623985714284,35.68242014285715],[139.75624233333332,35.682173],[139.7562448095238,35.68192585714286],[139.75624728571427,35.68167871428572],[139.75624976190474,35.681431571428575],[139.75625342857143,35.68118447619048],[139.75625828571427,35.68093742857143],[139.75626314285714,35.680690380952385],[139.756268,35.680443333333336],[139.75627285714285,35.68019628571429],[139.75627771428572,35.67994923809524],[139.75628257142859,35.67970219047619],[139.75628742857143,35.679455142857144],[139.7562922857143,35.679208095238096],[139.75629714285714,35.67896104761905],[139.75648603846153,35.67903357692308],[139.7567318076923,35.67903411538462],[139.75697757692308,35.67903465384616],[139.75722334615384,35.679035192307694],[139.7574691153846,35.679035730769236],[139.7571407419355,35.679285354838704],[139.75703241935483,35.6793455483871],[139.75692409677418,35.67940574193548],[139.7567074516129,35.679526129032254],[139.75659912903225,35.67958632258064],[139.75638248387096,35.67970670967742],[139.75628257142859,35.67970219047619],[139.7559491935484,35.67994748387096],[139.7557325483871,35.68006787096774],[139.75540758064517,35.6802484516129],[139.75519093548385,35.680368838709676],[139.75497429032256,35.68048922580645],[139.75475764516128,35.680609612903226],[139.75464932258063,35.68066980645161],[139.75443267741935,35.68079064516129],[139.7543243548387,35.68085129032258],[139.75421603225806,35.68091193548387],[139.75389106451613,35.681093870967736],[139.75367441935484,35.68121516129032],[139.75345777419355,35.6813364516129],[139.75313280645162,35.68151838709677],[139.75302448387097,35.681579032258064],[139.75291616129033,35.681639677419355],[139.75283714285715,35.68167871428572],[139.75284438095238,35.681431571428575],[139.7528519047619,35.68118447619048],[139.7528597142857,35.68093742857143],[139.75286752380953,35.680690380952385],[139.75287142857144,35.68056685714286],[139.75287533333332,35.680443333333336],[139.75288314285714,35.68019628571429],[139.75289095238094,35.67994923809524],[139.75289876190476,35.67970219047619],[139.75290657142855,35.679455142857144],[139.75291438095238,35.679208095238096],[139.75292219047617,35.67896104761905],[139.75293,35.678714],[139.7529381904762,35.67846685714286],[139.75294638095238,35.67821971428572],[139.75295457142857,35.67797257142857],[139.75296276190477,35.67772542857143],[139.75297095238096,35.67747828571429],[139.75297914285713,35.677231142857146],[139.75298733333332,35.676984],[139.75299552380952,35.676736857142856],[139.7530037142857,35.676489714285715],[139.7530119047619,35.676242571428574],[139.75302014285714,35.675995428571426],[139.75302842857144,35.675748285714285],[139.75304085714285,35.67537757142857],[139.75304914285715,35.67513042857143],[139.75305742857142,35.67488328571429],[139.75306571428573,35.674636142857146],[139.753074,35.674389],[139.7530822857143,35.67414185714286],[139.75309057142857,35.673894714285716],[139.75309885714287,35.673647571428575],[139.753107,35.67340047619048],[139.753115,35.67315342857143],[139.75316853846155,35.67317507692308],[139.75341423076924,35.67317046153846],[139.75365992307692,35.67316584615385],[139.75390561538464,35.67316123076923],[139.75415130769233,35.67315661538462],[139.754397,35.673152],[139.75464276923077,35.67314723076923],[139.75488853846156,35.67314246153846],[139.75513430769232,35.67313769230769],[139.75538007692307,35.67313292307693],[139.75562584615386,35.67312815384616],[139.75587161538462,35.67312338461539],[139.75599449999999,35.673121],[139.75624026923077,35.67311623076923],[139.75649004761902,35.672906380952384],[139.75649966666666,35.672659333333335],[139.7565092857143,35.67241228571429],[139.7565189047619,35.67216523809524],[139.75652852380952,35.67191819047619],[139.75653814285712,35.67167114285714],[139.75654776190476,35.671424095238095],[139.75655738095236,35.67117704761905],[139.756567,35.67093],[139.75657690476189,35.67068285714286],[139.7565868095238,35.670435714285716],[139.7565967142857,35.67018857142857],[139.75660661904763,35.66994142857143],[139.75661652380953,35.669694285714286],[139.75662147619047,35.66957071428571],[139.75662642857142,35.669447142857145],[139.75663633333335,35.6692],[139.75664623809524,35.668952857142855],[139.75665614285714,35.668705714285714],[139.75666604761906,35.66845857142857],[139.7566758095238,35.66821147619048],[139.75668542857144,35.66796442857143],[139.75669504761905,35.66771738095238],[139.75670466666668,35.667470333333334],[139.7567142857143,35.667223285714286],[139.7567239047619,35.66697623809524],[139.7567142857143,35.667223285714286],[139.75670466666668,35.667470333333334],[139.75669504761905,35.66771738095238],[139.75668542857144,35.66796442857143],[139.7566758095238,35.66821147619048],[139.75666604761906,35.66845857142857],[139.75665614285714,35.668705714285714],[139.75664623809524,35.668952857142855],[139.75663633333335,35.6692],[139.75662642857142,35.669447142857145],[139.75662147619047,35.66957071428571],[139.75661652380953,35.669694285714286],[139.75660661904763,35.66994142857143],[139.7565967142857,35.67018857142857],[139.7565868095238,35.670435714285716],[139.75657690476189,35.67068285714286],[139.756567,35.67093],[139.75655738095236,35.67117704761905],[139.75654776190476,35.671424095238095],[139.75653814285712,35.67167114285714],[139.75652852380952,35.67191819047619],[139.7565189047619,35.67216523809524],[139.7565092857143,35.67241228571429],[139.75649966666666,35.672659333333335],[139.75649004761902,35.672906380952384],[139.75648042857142,35.67315342857143],[139.7564708095238,35.67340047619048],[139.7564617142857,35.673647571428575],[139.75645314285714,35.673894714285716],[139.75644457142857,35.67414185714286],[139.75643599999998,35.674389],[139.7564274285714,35.674636142857146],[139.75641885714285,35.67488328571429],[139.75641028571428,35.67513042857143],[139.75640171428572,35.67537757142857],[139.75638885714284,35.675748285714285],[139.75638028571427,35.675995428571426],[139.75637247619048,35.676242571428574],[139.75636542857143,35.676489714285715],[139.75635838095238,35.676736857142856],[139.75635133333333,35.676984],[139.75634428571428,35.677231142857146],[139.75633723809523,35.67747828571429],[139.75633019047618,35.67772542857143],[139.75632314285716,35.67797257142857],[139.7563160952381,35.67821971428572],[139.75630904761906,35.67846685714286],[139.756302,35.678714],[139.75629714285714,35.67896104761905],[139.7562922857143,35.679208095238096],[139.75628742857143,35.679455142857144],[139.75628257142859,35.67970219047619],[139.7559491935484,35.67994748387096],[139.7557325483871,35.68006787096774],[139.75540758064517,35.6802484516129],[139.75519093548385,35.680368838709676],[139.75497429032256,35.68048922580645],[139.75475764516128,35.680609612903226],[139.75464932258063,35.68066980645161],[139.75443267741935,35.68079064516129],[139.7543243548387,35.68085129032258],[139.75421603225806,35.68091193548387],[139.75389106451613,35.681093870967736],[139.75367441935484,35.68121516129032],[139.75345777419355,35.6813364516129],[139.75313280645162,35.68151838709677],[139.75302448387097,35.681579032258064],[139.75291616129033,35.681639677419355],[139.75283714285715,35.68167871428572],[139.7528299047619,35.68192585714286],[139.75282266666667,35.682173],[139.75281542857144,35.68242014285715],[139.75280819047617,35.68266728571429],[139.75280095238094,35.68291442857143],[139.7527937142857,35.68316157142857],[139.75278647619047,35.68340871428572],[139.75277923809523,35.68365585714286],[139.752772,35.683903],[139.75276571428572,35.68415004761905],[139.7527594285714,35.6843970952381],[139.75275314285713,35.684644142857145],[139.75272099999998,35.68494057142858],[139.75274057142857,35.68513823809524]]}},{"type":"Feature","properties":{"index":31,"distanceMetres":8784},"geometry":{"type":"LineString","coordinates":[[139.75274057142857,35.68513823809524],[139.75273428571427,35.68538528571429],[139.752728,35.68563233333334],[139.7527217142857,35.685879380952386],[139.7527154285714,35.686126428571434],[139.752706,35.686497],[139.75270066666667,35.686744142857144],[139.75269533333332,35.686991285714285],[139.75269,35.68723842857143],[139.75268466666665,35.687485571428574],[139.75243146153846,35.68760192307692],[139.75218576923078,35.687593538461535],[139.7519400769231,35.68758515384615],[139.75169438461538,35.687576769230766],[139.7514486923077,35.68756838461538],[139.751203,35.68756],[139.75095723076925,35.687553538461536],[139.75071146153846,35.687547076923074],[139.7504656923077,35.68754061538461],[139.7502199230769,35.68753415384615],[139.7502735,35.687694],[139.7504337,35.68787986666667],[139.750674,35.688158666666666],[139.7509143,35.68843746666666],[139.7511546,35.68871626666667],[139.7513148,35.68890213333333],[139.7513949,35.68899506666666],[139.75155533333333,35.68918146666667],[139.75163566666666,35.68927493333333],[139.75179633333335,35.68946186666667],[139.75187666666667,35.68955533333333],[139.751957,35.6896488],[139.752198,35.6899292],[139.752439,35.6902096],[139.75259966666667,35.690396533333335],[139.752628,35.69045076190476],[139.75284066666666,35.690676933333336],[139.752921,35.6907704],[139.75308166666667,35.69095733333334],[139.753162,35.6910508],[139.75324233333333,35.69114426666667],[139.753403,35.6913312],[139.75348333333332,35.69142466666667],[139.753644,35.6916116],[139.75365992307692,35.69171761538462],[139.75390561538464,35.69171707692308],[139.75415130769233,35.69171653846154],[139.754397,35.691716],[139.754522,35.69193357142857],[139.754348,35.692110142857146],[139.7541275,35.6921741],[139.753885,35.691892],[139.75365992307692,35.69171761538462],[139.753644,35.6916116],[139.75348333333332,35.69142466666667],[139.753403,35.6913312],[139.75324233333333,35.69114426666667],[139.753162,35.6910508],[139.75308166666667,35.69095733333334],[139.752921,35.6907704],[139.75284066666666,35.690676933333336],[139.752628,35.69045076190476],[139.752624,35.69069780952381],[139.75262,35.69094485714285],[139.75261600000002,35.6911919047619],[139.752612,35.69143895238095],[139.752608,35.691686],[139.75267715384615,35.69171976923077],[139.75292284615387,35.69171923076923],[139.75316853846155,35.691718692307695],[139.75341423076924,35.69171815384615],[139.75365992307692,35.69171761538462],[139.753885,35.691892],[139.7541275,35.6921741],[139.754348,35.692110142857146],[139.754522,35.69193357142857],[139.754397,35.691716],[139.75464276923077,35.69171469230769],[139.75488853846156,35.69171338461538],[139.75513430769232,35.691712076923075],[139.75538007692307,35.69171076923077],[139.75562584615386,35.69170946153846],[139.75599449999999,35.6917075],[139.756307,35.691686],[139.75631414285715,35.69193314285714],[139.75632128571428,35.69218028571428],[139.75632842857144,35.69242742857143],[139.75633557142856,35.69267457142857],[139.75634271428572,35.69292171428571],[139.75634985714285,35.69316885714285],[139.756357,35.693416],[139.75636414285714,35.69366314285714],[139.7563712857143,35.69391028571428],[139.75637842857142,35.69415742857142],[139.75638633333332,35.69440457142857],[139.756395,35.69465171428571],[139.75631,35.694713],[139.75614833333336,35.694524933333334],[139.7560675,35.6944309],[139.75599449999999,35.694198],[139.75624026923077,35.69420123076923],[139.75637842857142,35.69415742857142],[139.7567318076923,35.69420769230769],[139.75697757692308,35.69421092307692],[139.75722334615384,35.694214153846154],[139.7574691153846,35.694217384615385],[139.75771484615385,35.69422011538461],[139.75796053846153,35.69422234615384],[139.75820623076922,35.69422457692308],[139.7584519230769,35.6942268076923],[139.75869761538462,35.694229038461536],[139.7589433076923,35.69423126923077],[139.759189,35.694233499999996],[139.75943469230768,35.69423573076923],[139.75968038461536,35.69423796153846],[139.75992607692308,35.694240192307696],[139.7601481904762,35.69415742857142],[139.7601645714286,35.69391028571428],[139.76018095238095,35.69366314285714],[139.76019733333334,35.693416],[139.76021371428573,35.69316885714285],[139.7602300952381,35.69292171428571],[139.76024647619047,35.69267457142857],[139.76026285714286,35.69242742857143],[139.76027923809525,35.69218028571428],[139.7602956190476,35.69193314285714],[139.760312,35.691686],[139.76041746153845,35.69167423076923],[139.76066315384614,35.691672076923076],[139.76090884615385,35.69166961538461],[139.76115453846154,35.69166684615384],[139.76140023076923,35.691664076923075],[139.7616459230769,35.69166130769231],[139.76189161538463,35.69165853846154],[139.7621373076923,35.69165576923077],[139.762383,35.691653],[139.7626286923077,35.69165023076923],[139.76299723076923,35.69164607692308],[139.763227,35.691686],[139.7632208095238,35.69193314285714],[139.76321461904763,35.69218028571428],[139.76320842857143,35.69242742857143],[139.76320223809523,35.69267457142857],[139.76319604761903,35.69292171428571],[139.76318985714286,35.69316885714285],[139.76318366666666,35.693416],[139.76317747619046,35.69366314285714],[139.7631712857143,35.69391028571428],[139.7631650952381,35.69415742857142],[139.76315957142856,35.69440457142857],[139.76315471428572,35.69465171428571],[139.76314985714285,35.69489885714285],[139.763145,35.695146],[139.76314014285714,35.69539314285714],[139.7631352857143,35.69564028571428],[139.76313042857143,35.69588742857143],[139.7631255714286,35.69613457142857],[139.76312314285715,35.69625814285715],[139.76312071428572,35.696381714285714],[139.76311585714288,35.69662885714286],[139.763111,35.696876],[139.76310600000002,35.69724657142857],[139.76310266666667,35.69749361904762],[139.76309933333334,35.69774066666667],[139.76309600000002,35.697987714285716],[139.76309266666667,35.698234761904764],[139.76308933333334,35.69848180952381],[139.76308600000002,35.698728857142854],[139.7630826666667,35.6989759047619],[139.76307933333334,35.69922295238095],[139.763076,35.69947],[139.7630743809524,35.69971714285714],[139.76307276190477,35.69996428571428],[139.7626286923077,35.69994223076923],[139.762383,35.699940999999995],[139.7621373076923,35.69993976923077],[139.76189161538463,35.69993853846154],[139.7616459230769,35.69993730769231],[139.76140023076923,35.69993607692308],[139.76115453846154,35.699934846153845],[139.76090884615385,35.699933615384616],[139.76098787096774,35.700128806451616],[139.76114729032258,35.70031293548387],[139.761227,35.700405],[139.7613883548387,35.70059003225807],[139.76146903225805,35.7006825483871],[139.76163038709677,35.700867580645166],[139.7617110645161,35.700960096774196],[139.76187241935483,35.70114512903226],[139.7619530967742,35.70123764516129],[139.7621144516129,35.70142267741936],[139.76219512903225,35.70151519354839],[139.76235648387095,35.701700225806455],[139.7624371612903,35.701792741935485],[139.76251783870967,35.70188525806452],[139.76267919354837,35.70207029032258],[139.76275987096773,35.70216280645162],[139.763059,35.70218852380952],[139.763059,35.702435571428566],[139.763059,35.702682619047614],[139.763059,35.70292966666666],[139.763059,35.70317671428571],[139.763059,35.70342376190476],[139.76324292307692,35.70340892307692],[139.76348861538463,35.70341961538461],[139.76373430769232,35.70343030769231],[139.76398,35.703441],[139.76364732258062,35.70318048387097],[139.76340529032257,35.70290293548388],[139.7631632580645,35.70262538709678],[139.763059,35.702435571428566],[139.763059,35.70218852380952],[139.76275987096773,35.70216280645162],[139.76267919354837,35.70207029032258],[139.76251783870967,35.70188525806452],[139.7624371612903,35.701792741935485],[139.76235648387095,35.701700225806455],[139.76219512903225,35.70151519354839],[139.7621144516129,35.70142267741936],[139.7619530967742,35.70123764516129],[139.76187241935483,35.70114512903226],[139.7617110645161,35.700960096774196],[139.76163038709677,35.700867580645166],[139.76146903225805,35.7006825483871],[139.7613883548387,35.70059003225807],[139.761227,35.700405],[139.76114729032258,35.70031293548387],[139.76098787096774,35.700128806451616],[139.76090884615385,35.699933615384616],[139.76066315384614,35.69993261538462],[139.76066903225805,35.6997605483871],[139.76058932258064,35.69966848387097],[139.7604299032258,35.69948435483871],[139.7603501935484,35.699392290322585],[139.76019077419355,35.69920816129032],[139.7599516451613,35.698931967741935],[139.75985442857143,35.698728857142854],[139.75986957142857,35.69848180952381],[139.7598847142857,35.698234761904764],[139.75989985714284,35.697987714285716],[139.75991499999998,35.69774066666667],[139.75993014285714,35.69749361904762],[139.75994528571428,35.69724657142857],[139.759968,35.696876],[139.75968038461536,35.69706576923077],[139.75943469230768,35.697062384615386],[139.759189,35.697058999999996],[139.7589433076923,35.69705561538461],[139.75869761538462,35.69705223076923],[139.7584519230769,35.69704884615385],[139.75820623076922,35.697045461538465],[139.75796053846153,35.697042076923076],[139.75771484615385,35.69703869230769],[139.7574691153846,35.69703569230769],[139.75722334615384,35.69703307692308],[139.75697757692308,35.69703046153846],[139.7567318076923,35.69702784615385],[139.756473,35.696876],[139.75646433333333,35.69662885714286],[139.75645566666665,35.696381714285714],[139.756447,35.69613457142857],[139.75643833333334,35.69588742857143],[139.75642966666666,35.69564028571428],[139.756421,35.69539314285714],[139.75641233333334,35.695146],[139.75640366666667,35.69489885714285],[139.75663613333336,35.6950914],[139.75671766666667,35.695186],[139.75688073333333,35.6953752],[139.75712533333333,35.695659],[139.75736993333334,35.6959428],[139.75745146666668,35.6960374],[139.75753300000002,35.696132],[139.75769606666668,35.6963212],[139.7577776,35.6964158],[139.75794066666668,35.696605],[139.7580222,35.696699599999995],[139.75820623076922,35.697045461538465],[139.7584519230769,35.69704884615385],[139.75869761538462,35.69705223076923],[139.7589433076923,35.69705561538461],[139.759189,35.697058999999996],[139.75943469230768,35.697062384615386],[139.75968038461536,35.69706576923077],[139.759968,35.696876],[139.75994528571428,35.69724657142857],[139.75993014285714,35.69749361904762],[139.75991499999998,35.69774066666667],[139.75989985714284,35.697987714285716],[139.7598847142857,35.698234761904764],[139.75986957142857,35.69848180952381],[139.75947338709676,35.69837958064516],[139.75939367741935,35.69828751612903],[139.75931396774195,35.698195451612904],[139.7591545483871,35.69801132258064],[139.7590748387097,35.697919258064516],[139.75891541935485,35.69773512903225],[139.7588357096774,35.69764306451613],[139.75867446666666,35.6974564],[139.75842986666666,35.697172599999995],[139.75820623076922,35.697045461538465],[139.7580222,35.696699599999995],[139.75794066666668,35.696605],[139.7577776,35.6964158],[139.75769606666668,35.6963212],[139.75753300000002,35.696132],[139.75745146666668,35.6960374],[139.75736993333334,35.6959428],[139.75712533333333,35.695659],[139.75688073333333,35.6953752],[139.75671766666667,35.695186],[139.75663613333336,35.6950914],[139.75640366666667,35.69489885714285],[139.756395,35.69465171428571],[139.75638633333332,35.69440457142857],[139.75637842857142,35.69415742857142],[139.75624026923077,35.69420123076923],[139.75599449999999,35.694198],[139.75562584615386,35.69419315384616],[139.75566333333333,35.693960733333334],[139.75542083333335,35.693678633333334],[139.75517833333333,35.693396533333335],[139.75501666666668,35.69320846666667],[139.75493583333335,35.693114433333335],[139.75477416666666,35.69292636666667],[139.75469333333334,35.692832333333335],[139.75453166666668,35.69264426666667],[139.75445083333332,35.692550233333336],[139.75437,35.6924562],[139.7541275,35.6921741],[139.753885,35.691892],[139.75365992307692,35.69171761538462],[139.753644,35.6916116],[139.75348333333332,35.69142466666667],[139.753403,35.6913312],[139.75324233333333,35.69114426666667],[139.753162,35.6910508],[139.75308166666667,35.69095733333334],[139.752921,35.6907704],[139.75284066666666,35.690676933333336],[139.752628,35.69045076190476],[139.752632,35.690203714285715],[139.752636,35.68995666666667],[139.75263999999999,35.68970961904762],[139.752644,35.68946257142857],[139.752648,35.68921552380952],[139.75265266666665,35.68896842857143],[139.752658,35.68872128571429],[139.75266333333332,35.688474142857146],[139.75266866666666,35.688227000000005],[139.75267399999998,35.68797985714286],[139.75267933333333,35.687732714285715],[139.75268466666665,35.687485571428574],[139.75269,35.68723842857143],[139.75269533333332,35.686991285714285],[139.75270066666667,35.686744142857144],[139.752706,35.686497],[139.7527154285714,35.686126428571434],[139.7527217142857,35.685879380952386],[139.752728,35.68563233333334],[139.75273428571427,35.68538528571429],[139.75274057142857,35.68513823809524]]}},{"type":"Feature","properties":{"index":32,"distanceMetres":10076},"geometry":{"type":"LineString","coordinates":[[139.75274057142857,35.68513823809524],[139.75273428571427,35.68538528571429],[139.752728,35.68563233333334],[139.7527217142857,35.685879380952386],[139.7527154285714,35.686126428571434],[139.752706,35.686497],[139.75270066666667,35.686744142857144],[139.75269533333332,35.686991285714285],[139.75269,35.68723842857143],[139.75268466666665,35.687485571428574],[139.75243146153846,35.68760192307692],[139.75218576923078,35.687593538461535],[139.7519400769231,35.68758515384615],[139.75169438461538,35.687576769230766],[139.7514486923077,35.68756838461538],[139.751203,35.68756],[139.75095723076925,35.687553538461536],[139.75071146153846,35.687547076923074],[139.7504656923077,35.68754061538461],[139.7502199230769,35.68753415384615],[139.74997415384615,35.68752769230769],[139.7497283846154,35.68752123076923],[139.7494826153846,35.687514769230766],[139.74923684615385,35.687508307692305],[139.74901476190476,35.687485571428574],[139.74902257142855,35.68723842857143],[139.74903038095238,35.686991285714285],[139.74903819047617,35.686744142857144],[139.749046,35.686497],[139.74905957142857,35.686126428571434],[139.7491521,35.68639293333334],[139.7493924,35.686671733333334],[139.7496327,35.68695053333334],[139.74979290000002,35.6871364],[139.7499531,35.68732226666667],[139.74997415384615,35.68752769230769],[139.7497283846154,35.68752123076923],[139.7494826153846,35.687514769230766],[139.74923684615385,35.687508307692305],[139.74901476190476,35.687485571428574],[139.74902257142855,35.68723842857143],[139.74903038095238,35.686991285714285],[139.74903819047617,35.686744142857144],[139.749046,35.686497],[139.74905957142857,35.686126428571434],[139.7491521,35.68639293333334],[139.7493924,35.686671733333334],[139.7496327,35.68695053333334],[139.74979290000002,35.6871364],[139.7499531,35.68732226666667],[139.74997415384615,35.68752769230769],[139.7497283846154,35.68752123076923],[139.7494826153846,35.687514769230766],[139.74923684615385,35.687508307692305],[139.74901476190476,35.687485571428574],[139.74902257142855,35.68723842857143],[139.74903038095238,35.686991285714285],[139.74903819047617,35.686744142857144],[139.749046,35.686497],[139.74905957142857,35.686126428571434],[139.7491521,35.68639293333334],[139.7493924,35.686671733333334],[139.7496327,35.68695053333334],[139.74979290000002,35.6871364],[139.7499531,35.68732226666667],[139.74997415384615,35.68752769230769],[139.7502199230769,35.68753415384615],[139.7502735,35.687694],[139.7504337,35.68787986666667],[139.750674,35.688158666666666],[139.7509143,35.68843746666666],[139.7511546,35.68871626666667],[139.7513148,35.68890213333333],[139.7513949,35.68899506666666],[139.75155533333333,35.68918146666667],[139.75163566666666,35.68927493333333],[139.75179633333335,35.68946186666667],[139.75187666666667,35.68955533333333],[139.751957,35.6896488],[139.752198,35.6899292],[139.752439,35.6902096],[139.75259966666667,35.690396533333335],[139.752628,35.69045076190476],[139.752624,35.69069780952381],[139.75262,35.69094485714285],[139.75261600000002,35.6911919047619],[139.752612,35.69143895238095],[139.752608,35.691686],[139.75260533333335,35.69193314285714],[139.75260266666666,35.69218028571428],[139.7526,35.69242742857143],[139.75259733333334,35.69267457142857],[139.75259466666668,35.69292171428571],[139.752592,35.69316885714285],[139.752823,35.693260555555554],[139.753031,35.693150333333335],[139.753343,35.692985],[139.753436,35.69290875],[139.753622,35.69275625],[139.753715,35.692679999999996],[139.753808,35.692603749999996],[139.754087,35.692375],[139.7541275,35.6921741],[139.754348,35.692110142857146],[139.754522,35.69193357142857],[139.754397,35.691716],[139.75415130769233,35.69171653846154],[139.75390561538464,35.69171707692308],[139.75365992307692,35.69171761538462],[139.753885,35.691892],[139.7541275,35.6921741],[139.754087,35.692375],[139.753808,35.692603749999996],[139.753715,35.692679999999996],[139.753622,35.69275625],[139.753436,35.69290875],[139.753343,35.692985],[139.753031,35.693150333333335],[139.752823,35.693260555555554],[139.752592,35.69316885714285],[139.75258933333333,35.693416],[139.75258666666667,35.69366314285714],[139.75258399999998,35.69391028571428],[139.75258133333332,35.69415742857142],[139.75218576923078,35.694139615384614],[139.7519400769231,35.69413546153846],[139.75169438461538,35.69413130769231],[139.7514486923077,35.69412715384615],[139.75132584615386,35.69412507692307],[139.751203,35.694123],[139.75095723076925,35.694118153846155],[139.75071146153846,35.694113307692305],[139.7504656923077,35.69410846153846],[139.7502199230769,35.69410361538461],[139.74997415384615,35.69409876923077],[139.7497283846154,35.69409392307692],[139.7494826153846,35.69408907692308],[139.74923684615385,35.69408423076923],[139.7489910769231,35.694079384615385],[139.74886485714288,35.69391028571428],[139.74886876190476,35.69366314285714],[139.74887266666667,35.693416],[139.749028,35.693475],[139.749361,35.6935551],[139.749583,35.693608499999996],[139.749805,35.6936619],[139.750027,35.6937153],[139.7503714,35.6937442],[139.7506048,35.6937464],[139.7508382,35.6937486],[139.7510716,35.693750800000004],[139.751305,35.693753],[139.7515254,35.6936986],[139.7517458,35.6936442],[139.751856,35.693617],[139.7520764,35.6935626],[139.7522968,35.6935082],[139.75258933333333,35.693416],[139.75258666666667,35.69366314285714],[139.75258399999998,35.69391028571428],[139.75258133333332,35.69415742857142],[139.75257942857144,35.69440457142857],[139.7525782857143,35.69465171428571],[139.75257714285715,35.69489885714285],[139.752576,35.695146],[139.75257485714286,35.69539314285714],[139.75257371428572,35.69564028571428],[139.75257257142857,35.69588742857143],[139.75257142857143,35.69613457142857],[139.75257028571428,35.696381714285714],[139.75256914285714,35.69662885714286],[139.752568,35.696876],[139.75218576923078,35.696986384615386],[139.7519400769231,35.696984538461535],[139.75169438461538,35.69698269230769],[139.7514486923077,35.69698084615384],[139.751203,35.696979],[139.75095723076925,35.696978076923074],[139.75071146153846,35.696977153846156],[139.7504656923077,35.69697623076923],[139.7502199230769,35.696975307692306],[139.74997415384615,35.69697438461539],[139.7497283846154,35.69697346153846],[139.7494826153846,35.69697253846154],[139.74923684615385,35.69697161538461],[139.7489910769231,35.696970692307694],[139.748844,35.696876],[139.74884557142857,35.69724657142857],[139.7488466190476,35.69749361904762],[139.74884766666665,35.69774066666667],[139.7488487142857,35.697987714285716],[139.74884976190475,35.698234761904764],[139.7488508095238,35.69848180952381],[139.74885185714285,35.698728857142854],[139.7488529047619,35.6989759047619],[139.74885395238095,35.69922295238095],[139.748855,35.69947],[139.74885852380953,35.69971714285714],[139.74886204761904,35.69996428571428],[139.74837665384615,35.69992896153846],[139.7481308846154,35.699929653846155],[139.74788515384614,35.699930538461544],[139.74763946153845,35.699931615384614],[139.74739376923077,35.6999326923077],[139.74714807692308,35.69993376923077],[139.74690238461537,35.69993484615385],[139.74665669230768,35.69993592307692],[139.746411,35.699937000000006],[139.7461653076923,35.699938076923075],[139.74591961538462,35.69993915384616],[139.74566904761903,35.69996428571428],[139.74542823076922,35.69994130769231],[139.74518253846153,35.69994238461538],[139.74493684615385,35.69994346153847],[139.74469115384613,35.69994476923077],[139.74444546153845,35.69994630769231],[139.74419976923076,35.69994784615385],[139.74395407692307,35.69994938461539],[139.7437083846154,35.699950923076926],[139.7434626923077,35.699952461538466],[139.74321700000002,35.699954000000005],[139.7429713076923,35.69995553846154],[139.74272561538461,35.69995707692308],[139.74247992307693,35.69995861538462],[139.74223423076924,35.699960153846156],[139.74209723809523,35.69996428571428],[139.7420936190476,35.69971714285714],[139.74209,35.69947],[139.74208533333334,35.69922295238095],[139.74208066666665,35.6989759047619],[139.742076,35.698728857142854],[139.7420713333333,35.69848180952381],[139.74206666666666,35.698234761904764],[139.742062,35.697987714285716],[139.74205733333332,35.69774066666667],[139.74205266666667,35.69749361904762],[139.742048,35.69724657142857],[139.742041,35.696876],[139.74223423076924,35.69697407692308],[139.74247992307693,35.69697330769231],[139.74272561538461,35.69697253846154],[139.7429713076923,35.69697176923077],[139.74321700000002,35.696971000000005],[139.7434626923077,35.69697023076923],[139.7437083846154,35.696969461538465],[139.74395407692307,35.69696869230769],[139.74419976923076,35.696967923076926],[139.74444546153845,35.69696715384616],[139.74469115384613,35.696966384615386],[139.74493684615385,35.69696603846154],[139.74518253846153,35.69696611538462],[139.74542823076922,35.6969661923077],[139.745818,35.696876],[139.7458002857143,35.69724657142857],[139.74578847619048,35.69749361904762],[139.74577666666667,35.69774066666667],[139.74576485714286,35.697987714285716],[139.74575304761905,35.698234761904764],[139.74574123809523,35.69848180952381],[139.74572942857142,35.698728857142854],[139.7457176190476,35.6989759047619],[139.7457058095238,35.69922295238095],[139.745694,35.69947],[139.7456815238095,35.69971714285714],[139.74566904761903,35.69996428571428],[139.74542823076922,35.69994130769231],[139.74518253846153,35.69994238461538],[139.74493684615385,35.69994346153847],[139.74469115384613,35.69994476923077],[139.74444546153845,35.69994630769231],[139.74419976923076,35.69994784615385],[139.74395407692307,35.69994938461539],[139.7437083846154,35.699950923076926],[139.7434626923077,35.699952461538466],[139.74321700000002,35.699954000000005],[139.7429713076923,35.69995553846154],[139.74272561538461,35.69995707692308],[139.74247992307693,35.69995861538462],[139.74223423076924,35.699960153846156],[139.74209723809523,35.69996428571428],[139.74174284615387,35.699963230769235],[139.74149711538462,35.69996496153846],[139.74112846153847,35.69996784615385],[139.7408826923077,35.69996976923077],[139.74063692307692,35.69997169230769],[139.74039115384616,35.699973615384614],[139.7401453846154,35.69997553846154],[139.73989961538462,35.69997746153847],[139.73965384615386,35.69997938461539],[139.7394080769231,35.69998130769231],[139.7391623076923,35.699983230769234],[139.73891653846155,35.69998515384616],[139.73867076923077,35.69998707692308],[139.738425,35.699989],[139.73817930769232,35.69999130769231],[139.73802285714285,35.69996428571428],[139.73801142857144,35.69971714285714],[139.738,35.69947],[139.73798866666667,35.69922295238095],[139.73797733333333,35.6989759047619],[139.737966,35.698728857142854],[139.73795466666667,35.69848180952381],[139.73794333333333,35.698234761904764],[139.737932,35.697987714285716],[139.73792066666667,35.69774066666667],[139.73790933333333,35.69749361904762],[139.737898,35.69724657142857],[139.737881,35.696876],[139.73787576190475,35.69675242857143],[139.7378705238095,35.69662885714286],[139.73786004761905,35.696381714285714],[139.73784957142857,35.69613457142857],[139.7378390952381,35.69588742857143],[139.7378286190476,35.69564028571428],[139.73781814285715,35.69539314285714],[139.73780766666667,35.695146],[139.7377971904762,35.69489885714285],[139.73778671428573,35.69465171428571],[139.73777623809525,35.69440457142857],[139.73776642857143,35.69415742857142],[139.73775728571428,35.69391028571428],[139.73774814285716,35.69366314285714],[139.737739,35.693416],[139.73772985714285,35.69316885714285],[139.73772071428573,35.69292171428571],[139.73771157142858,35.69267457142857],[139.73770242857142,35.69242742857143],[139.73769328571427,35.69218028571428],[139.73768414285715,35.69193314285714],[139.737675,35.691686],[139.73766776190476,35.69143895238095],[139.73766052380952,35.6911919047619],[139.7376532857143,35.69094485714285],[139.73764604761905,35.69069780952381],[139.73763880952382,35.69045076190476],[139.73763157142855,35.690203714285715],[139.73762795238093,35.69008019047619],[139.737926375,35.69004475],[139.738140625,35.68992525],[139.73824775,35.6898655],[139.738462,35.689746],[139.73867625,35.6896265],[139.738783375,35.689566750000004],[139.7388905,35.689507],[139.739211875,35.689327750000004],[139.739426125,35.68920825],[139.739640375,35.68908875],[139.73996175,35.6889095],[139.740068875,35.68884975],[139.740176,35.688790000000004],[139.74039025,35.6886705],[139.740497375,35.68861075],[139.740711625,35.688491250000006],[139.740925875,35.68837175],[139.74113934374998,35.688252375000005],[139.74145837499998,35.6880735],[139.74182585714286,35.68797985714286],[139.74188375,35.68783500000001],[139.74220278125,35.687656125000004],[139.74223423076924,35.68740403846154],[139.74247992307693,35.68740565384615],[139.74272561538461,35.68740726923077],[139.74273449999998,35.687358],[139.7429471875,35.687238750000006],[139.743159875,35.6871195],[139.74347890625,35.686940625000005],[139.74369159375001,35.686821375],[139.74390428125,35.686702125000004],[139.74411696875,35.686582875000006],[139.7442233125,35.68652325],[139.744436,35.686404],[139.74454165625002,35.686344562500004],[139.7446473125,35.686285125000005],[139.74496428125002,35.6861068125],[139.74517559375,35.6859879375],[139.74538690625002,35.685869062500004],[139.745703875,35.685690750000006],[139.7459151875,35.685571875],[139.74618114285715,35.68538528571429],[139.7461842857143,35.68513823809524],[139.74618742857143,35.68489119047619],[139.746411,35.685016000000005],[139.74665669230768,35.68500830769231],[139.74690238461537,35.68500061538462],[139.74714807692308,35.684992923076926],[139.74739376923077,35.684985230769236],[139.74763946153845,35.68497753846154],[139.74788515384614,35.68496984615385],[139.7481308846154,35.684962346153846],[139.74837665384615,35.68495503846154],[139.7487453076923,35.68494407692308],[139.7491048095238,35.68489119047619],[139.74923684615385,35.68492946153847],[139.7494826153846,35.68492215384616],[139.7497283846154,35.684914846153845],[139.74997415384615,35.68490753846154],[139.7502199230769,35.68490023076923],[139.7504656923077,35.68489292307692],[139.750667,35.68487857142857],[139.75089514285713,35.68488685714286],[139.75123757142856,35.68489842857143],[139.75146585714285,35.684906142857145],[139.75169414285713,35.68491314285715],[139.75192242857142,35.68491942857143],[139.7521507142857,35.68492571428572],[139.752379,35.684932],[139.75272099999998,35.68494057142858],[139.75274057142857,35.68513823809524]]}},{"type":"Feature","properties":{"index":33,"distanceMetres":10119},"geometry":{"type":"LineString","coordinates":[[139.75274057142857,35.68513823809524],[139.75272099999998,35.68494057142858],[139.752949,35.68494628571429],[139.753177,35.684952],[139.75340528571428,35.684956285714286],[139.75363357142857,35.684960571428576],[139.753976,35.684967],[139.754204,35.68496842857143],[139.754432,35.68496985714286],[139.75466,35.68497128571429],[139.75488814285714,35.684971857142855],[139.75523057142857,35.68497142857143],[139.75545885714286,35.684971142857144],[139.75568714285714,35.68497],[139.75591542857143,35.684968],[139.7561437142857,35.684966],[139.7562252857143,35.684644142857145],[139.7562251904762,35.6843970952381],[139.7562250952381,35.68415004761905],[139.756225,35.683903],[139.75622747619047,35.68365585714286],[139.75622995238095,35.68340871428572],[139.75623242857142,35.68316157142857],[139.7562349047619,35.68291442857143],[139.75623738095237,35.68266728571429],[139.75648603846153,35.68274569230769],[139.7567318076923,35.68274353846154],[139.75697757692308,35.68274138461538],[139.75722334615384,35.68273923076923],[139.7574691153846,35.682737076923075],[139.75771484615385,35.68273442307692],[139.75796053846153,35.68273126923077],[139.75820623076922,35.68272811538461],[139.7584519230769,35.68272496153846],[139.75869761538462,35.68272180769231],[139.7589433076923,35.68271865384615],[139.759189,35.6827155],[139.75943469230768,35.68271234615385],[139.75968038461536,35.68270919230769],[139.75992607692308,35.68270603846154],[139.76017176923077,35.68270288461539],[139.76041746153845,35.68269973076923],[139.7607208095238,35.68266728571429],[139.76072557142857,35.68242014285715],[139.76073033333333,35.682173],[139.7607350952381,35.68192585714286],[139.76073985714285,35.68167871428572],[139.7607446190476,35.681431571428575],[139.76074704761905,35.68118447619048],[139.76074714285716,35.68093742857143],[139.76074723809523,35.680690380952385],[139.76074733333334,35.680443333333336],[139.76074742857145,35.68019628571429],[139.76074752380953,35.67994923809524],[139.76074761904763,35.67970219047619],[139.7607477142857,35.679455142857144],[139.76074780952382,35.679208095238096],[139.7607479047619,35.67896104761905],[139.760748,35.678714],[139.76074352380954,35.67846685714286],[139.76073904761907,35.67821971428572],[139.76073457142857,35.67797257142857],[139.7607300952381,35.67772542857143],[139.76072561904763,35.67747828571429],[139.76072114285716,35.677231142857146],[139.76093835483871,35.67719393548387],[139.76115545161292,35.67707464516129],[139.761482,35.67689680645161],[139.761591,35.676837709677415],[139.76170000000002,35.67677861290322],[139.761918,35.67666041935484],[139.76202700000002,35.676601322580645],[139.762136,35.67654222580645],[139.762463,35.67636493548387],[139.76268100000001,35.67624674193548],[139.762899,35.67612854838709],[139.76299723076923,35.67592238461538],[139.7626286923077,35.67591315384615],[139.762383,35.675906999999995],[139.7621373076923,35.675900846153844],[139.76189161538463,35.67589469230769],[139.7616459230769,35.675888538461535],[139.76140023076923,35.675882384615385],[139.76115453846154,35.67587623076923],[139.76090884615385,35.675870076923076],[139.76068771428572,35.675748285714285],[139.76067442857143,35.67537757142857],[139.76066557142858,35.67513042857143],[139.76065671428572,35.67488328571429],[139.76064785714286,35.674636142857146],[139.760639,35.674389],[139.76063014285714,35.67414185714286],[139.7606257142857,35.67401828571428],[139.76062128571428,35.673894714285716],[139.76061242857142,35.673647571428575],[139.7606018095238,35.67340047619048],[139.76058942857142,35.67315342857143],[139.76057704761905,35.672906380952384],[139.76056466666665,35.672659333333335],[139.76055228571428,35.67241228571429],[139.7605399047619,35.67216523809524],[139.76052752380951,35.67191819047619],[139.76051514285714,35.67167114285714],[139.76050276190477,35.671424095238095],[139.76049038095238,35.67117704761905],[139.760478,35.67093],[139.76046304761906,35.67068285714286],[139.76017176923077,35.670689],[139.75992607692308,35.670691],[139.75968038461536,35.670693],[139.75943469230768,35.670695],[139.759189,35.670697000000004],[139.7589433076923,35.670699],[139.75869761538462,35.670701],[139.7584519230769,35.670703],[139.75820623076922,35.670705],[139.75796053846153,35.670707],[139.75771484615385,35.670709],[139.7574691153846,35.67070984615385],[139.75722334615384,35.67070953846154],[139.75697757692308,35.67070923076923],[139.7567318076923,35.67070892307692],[139.75657690476189,35.67068285714286],[139.7565868095238,35.670435714285716],[139.7565967142857,35.67018857142857],[139.75660661904763,35.66994142857143],[139.75661652380953,35.669694285714286],[139.75662147619047,35.66957071428571],[139.75662642857142,35.669447142857145],[139.75663633333335,35.6692],[139.75664623809524,35.668952857142855],[139.75665614285714,35.668705714285714],[139.75666604761906,35.66845857142857],[139.7566758095238,35.66821147619048],[139.75668542857144,35.66796442857143],[139.75669504761905,35.66771738095238],[139.75670466666668,35.667470333333334],[139.7567142857143,35.667223285714286],[139.7567239047619,35.66697623809524],[139.75673352380954,35.66672919047619],[139.75674314285715,35.66648214285714],[139.75675276190478,35.66623509523809],[139.75676238095238,35.665988047619045],[139.756772,35.665741],[139.75678057142858,35.665493857142856],[139.75678914285714,35.665246714285715],[139.75680200000002,35.664876],[139.75697757692308,35.66495961538462],[139.75722334615384,35.66496176923077],[139.7574691153846,35.664963923076925],[139.75771484615385,35.66496534615385],[139.75796053846153,35.66496603846154],[139.75820623076922,35.66496673076923],[139.7584519230769,35.664967423076924],[139.75869761538462,35.66496811538462],[139.7589433076923,35.66496880769231],[139.759189,35.6649695],[139.75943469230768,35.66497019230769],[139.75968038461536,35.664970884615386],[139.76009233333335,35.664876],[139.76017176923077,35.66497226923077],[139.76041746153845,35.66497296153846],[139.76066315384614,35.664973653846154],[139.76090884615385,35.664973576923074],[139.76115453846154,35.66497273076923],[139.76140023076923,35.66497188461538],[139.7616459230769,35.66497103846154],[139.76189161538463,35.66497019230769],[139.7621373076923,35.664969346153846],[139.762383,35.6649685],[139.7626286923077,35.664967653846155],[139.76299723076923,35.66496638461538],[139.76324292307692,35.66496553846154],[139.76348861538463,35.66496469230769],[139.76373430769232,35.664963846153846],[139.764081,35.664876],[139.76422576923076,35.664960615384615],[139.76447153846155,35.66495823076923],[139.7647173076923,35.664955846153845],[139.7649630769231,35.66495346153846],[139.76520884615385,35.664951076923074],[139.7654546153846,35.66494869230769],[139.7657003846154,35.66494630769231],[139.76594615384616,35.664943923076926],[139.76619192307692,35.66494153846154],[139.7664376923077,35.664939153846156],[139.76668346153846,35.66493676923077],[139.76692923076925,35.664934384615385],[139.767175,35.664932],[139.7674206923077,35.66492830769231],[139.76766638461538,35.664924615384614],[139.76799333333332,35.664876],[139.76800428571428,35.66462885714285],[139.76801523809524,35.66438171428571],[139.76802619047618,35.66413457142857],[139.76803714285714,35.66388742857143],[139.7680480952381,35.66364028571428],[139.76805904761903,35.66339314285714],[139.76807,35.663146],[139.7680799047619,35.66289885714286],[139.76808980952381,35.662651714285715],[139.7680997142857,35.66240457142857],[139.7681096190476,35.662157428571426],[139.7681195238095,35.661910285714285],[139.76812447619048,35.66178671428571],[139.76812942857143,35.661663142857144],[139.76813933333332,35.661415999999996],[139.76791207692307,35.66152469230769],[139.76766638461538,35.66153146153846],[139.7674206923077,35.661538230769224],[139.767175,35.661545],[139.76692923076925,35.661552],[139.76668346153846,35.661559],[139.7664376923077,35.661566],[139.76619192307692,35.661573],[139.76594615384616,35.66158],[139.7657003846154,35.661587],[139.7654546153846,35.661594],[139.76520884615385,35.661601],[139.7649630769231,35.661608],[139.7647173076923,35.661615],[139.76447153846155,35.661622],[139.76422576923076,35.661629],[139.764119,35.661663142857144],[139.76373430769232,35.66164246153846],[139.76348861538463,35.661648923076925],[139.76324292307692,35.661655384615386],[139.76299723076923,35.66166184615385],[139.7626286923077,35.66167153846154],[139.762383,35.661678],[139.7621373076923,35.661684461538464],[139.76189161538463,35.661690923076925],[139.7616459230769,35.66169738461539],[139.76140023076923,35.66170384615385],[139.76115453846154,35.66171030769231],[139.76090884615385,35.66171676923077],[139.76066315384614,35.66172257692308],[139.76041746153845,35.66172773076923],[139.76017176923077,35.66173288461539],[139.75988614285714,35.661663142857144],[139.75968038461536,35.661743192307696],[139.75943469230768,35.66174834615384],[139.759189,35.6617535],[139.7589433076923,35.66175865384615],[139.75869761538462,35.66176380769231],[139.7584519230769,35.661768961538456],[139.75820623076922,35.66177411538462],[139.75796053846153,35.66177926923076],[139.75771484615385,35.661784423076924],[139.7574691153846,35.66178869230769],[139.75722334615384,35.66179207692307],[139.75690371428573,35.661663142857144],[139.75691066666667,35.661415999999996],[139.7569176190476,35.661168857142854],[139.75692457142858,35.66092171428571],[139.75693152380953,35.66067457142857],[139.75693747619047,35.66042747619048],[139.75694242857142,35.66018042857143],[139.75694738095237,35.65993338095238],[139.75695233333334,35.65968633333333],[139.7569572857143,35.659439285714285],[139.75696223809524,35.65919223809524],[139.7569671904762,35.65894519047619],[139.75697214285714,35.65869814285715],[139.7567318076923,35.65874315384615],[139.75648603846153,35.658747769230764],[139.75624026923077,35.65875238461538],[139.75599449999999,35.658756999999994],[139.75562584615386,35.65876392307692],[139.75538007692307,35.65876853846154],[139.75513430769232,35.65877315384615],[139.75488853846156,35.65877776923077],[139.75464276923077,35.65878238461538],[139.754397,35.658787],[139.75415130769233,35.65879176923077],[139.75390561538464,35.65879653846154],[139.75365992307692,35.65880130769231],[139.75347399999998,35.65869814285715],[139.75316853846155,35.65881084615384],[139.75292284615387,35.65881561538461],[139.75267715384615,35.65882038461538],[139.75243146153846,35.65882515384615],[139.75218576923078,35.65882992307692],[139.7519400769231,35.658834692307686],[139.75169438461538,35.658839461538456],[139.7514486923077,35.658844230769226],[139.751203,35.658849],[139.75095723076925,35.658853538461535],[139.751203,35.658849],[139.7514486923077,35.658844230769226],[139.75169438461538,35.658839461538456],[139.7519400769231,35.658834692307686],[139.75218576923078,35.65882992307692],[139.75243146153846,35.65882515384615],[139.75267715384615,35.65882038461538],[139.75292284615387,35.65881561538461],[139.75316853846155,35.65881084615384],[139.75347399999998,35.65869814285715],[139.75347066666666,35.65894519047619],[139.75346733333333,35.65919223809524],[139.75346399999998,35.659439285714285],[139.75346066666665,35.65968633333333],[139.75345733333333,35.65993338095238],[139.75345399999998,35.66018042857143],[139.75345066666665,35.66042747619048],[139.75344666666666,35.66067457142857],[139.75344199999998,35.66092171428571],[139.75343733333332,35.661168857142854],[139.75343266666667,35.661415999999996],[139.75342799999999,35.661663142857144],[139.75342333333333,35.661910285714285],[139.75341866666668,35.662157428571426],[139.753414,35.66240457142857],[139.75340933333334,35.662651714285715],[139.75340466666665,35.66289885714286],[139.7534,35.663146],[139.7533940952381,35.66339314285714],[139.7533881904762,35.66364028571428],[139.75338228571428,35.66388742857143],[139.75337638095237,35.66413457142857],[139.75337342857142,35.66425814285714],[139.75337047619047,35.66438171428571],[139.7533645714286,35.66462885714285],[139.75335866666668,35.664876],[139.75334980952383,35.665246714285715],[139.75334390476192,35.665493857142856],[139.753338,35.665741],[139.75333123809526,35.665988047619045],[139.7533244761905,35.66623509523809],[139.7533177142857,35.66648214285714],[139.75331095238096,35.66672919047619],[139.7533041904762,35.66697623809524],[139.75329742857144,35.667223285714286],[139.75329066666666,35.667470333333334],[139.7532839047619,35.66771738095238],[139.75327714285714,35.66796442857143],[139.7532703809524,35.66821147619048],[139.7532631904762,35.66845857142857],[139.75325557142855,35.668705714285714],[139.75324795238095,35.668952857142855],[139.75324033333334,35.6692],[139.7532327142857,35.669447142857145],[139.7532250952381,35.669694285714286],[139.75321747619049,35.66994142857143],[139.75320985714285,35.67018857142857],[139.75320223809524,35.670435714285716],[139.7531946190476,35.67068285714286],[139.753187,35.67093],[139.753179,35.67117704761905],[139.753171,35.671424095238095],[139.753163,35.67167114285714],[139.753155,35.67191819047619],[139.753147,35.67216523809524],[139.753139,35.67241228571429],[139.753131,35.672659333333335],[139.75312300000002,35.672906380952384],[139.753115,35.67315342857143],[139.753107,35.67340047619048],[139.75309885714287,35.673647571428575],[139.75309057142857,35.673894714285716],[139.7530822857143,35.67414185714286],[139.753074,35.674389],[139.75306571428573,35.674636142857146],[139.75305742857142,35.67488328571429],[139.75304914285715,35.67513042857143],[139.75304085714285,35.67537757142857],[139.75302842857144,35.675748285714285],[139.75302014285714,35.675995428571426],[139.7530119047619,35.676242571428574],[139.7530037142857,35.676489714285715],[139.75299552380952,35.676736857142856],[139.75298733333332,35.676984],[139.75297914285713,35.677231142857146],[139.75297095238096,35.67747828571429],[139.75296276190477,35.67772542857143],[139.75295457142857,35.67797257142857],[139.75294638095238,35.67821971428572],[139.7529381904762,35.67846685714286],[139.75293,35.678714],[139.75292219047617,35.67896104761905],[139.75291438095238,35.679208095238096],[139.75290657142855,35.679455142857144],[139.75289876190476,35.67970219047619],[139.75289095238094,35.67994923809524],[139.75288314285714,35.68019628571429],[139.75287533333332,35.680443333333336],[139.75287142857144,35.68056685714286],[139.75286752380953,35.680690380952385],[139.7528597142857,35.68093742857143],[139.7528519047619,35.68118447619048],[139.75284438095238,35.681431571428575],[139.75283714285715,35.68167871428572],[139.7528299047619,35.68192585714286],[139.75282266666667,35.682173],[139.75281542857144,35.68242014285715],[139.75280819047617,35.68266728571429],[139.75280095238094,35.68291442857143],[139.7527937142857,35.68316157142857],[139.75278647619047,35.68340871428572],[139.75277923809523,35.68365585714286],[139.752772,35.683903],[139.75276571428572,35.68415004761905],[139.7527594285714,35.6843970952381],[139.75275314285713,35.684644142857145],[139.75272099999998,35.68494057142858],[139.75274057142857,35.68513823809524]]}}]}